Subcluster,Cluster,Supercluster
0,297,Upper rhombic lip
1,308,Upper rhombic lip
2,308,Upper rhombic lip
3,308,Upper rhombic lip
4,308,Upper rhombic lip
5,308,Upper rhombic lip
6,309,Upper rhombic lip
7,309,Upper rhombic lip
8,309,Upper rhombic lip
9,310,Upper rhombic lip
10,311,Upper rhombic lip
11,311,Upper rhombic lip
12,311,Upper rhombic lip
13,311,Upper rhombic lip
14,310,Upper rhombic lip
15,310,Upper rhombic lip
16,312,Upper rhombic lip
17,312,Upper rhombic lip
18,312,Upper rhombic lip
19,312,Upper rhombic lip
20,312,Upper rhombic lip
21,314,Miscellaneous
22,363,Splatter
23,363,Splatter
24,363,Splatter
25,363,Splatter
26,363,Splatter
27,341,Splatter
28,342,Splatter
29,342,Splatter
30,342,Splatter
31,342,Splatter
32,342,Splatter
33,342,Splatter
34,336,Splatter
35,338,Splatter
36,338,Splatter
37,338,Splatter
38,338,Splatter
39,339,Splatter
40,339,Splatter
41,460,Thalamic excitatory
42,460,Thalamic excitatory
43,460,Thalamic excitatory
44,459,Thalamic excitatory
45,459,Thalamic excitatory
46,453,Thalamic excitatory
47,459,Thalamic excitatory
48,455,Thalamic excitatory
49,455,Thalamic excitatory
50,455,Thalamic excitatory
51,455,Thalamic excitatory
52,455,Thalamic excitatory
53,455,Thalamic excitatory
54,455,Thalamic excitatory
55,460,Thalamic excitatory
56,460,Thalamic excitatory
57,457,Thalamic excitatory
58,457,Thalamic excitatory
59,457,Thalamic excitatory
60,457,Thalamic excitatory
61,457,Thalamic excitatory
62,449,Thalamic excitatory
63,449,Thalamic excitatory
64,448,Thalamic excitatory
65,448,Thalamic excitatory
66,453,Thalamic excitatory
67,458,Thalamic excitatory
68,458,Thalamic excitatory
69,458,Thalamic excitatory
70,458,Thalamic excitatory
71,458,Thalamic excitatory
72,458,Thalamic excitatory
73,458,Thalamic excitatory
74,458,Thalamic excitatory
75,458,Thalamic excitatory
76,456,Thalamic excitatory
77,448,Thalamic excitatory
78,453,Thalamic excitatory
79,453,Thalamic excitatory
80,454,Thalamic excitatory
81,454,Thalamic excitatory
82,454,Thalamic excitatory
83,450,Thalamic excitatory
84,450,Thalamic excitatory
85,451,Thalamic excitatory
86,451,Thalamic excitatory
87,451,Thalamic excitatory
88,451,Thalamic excitatory
89,451,Thalamic excitatory
90,451,Thalamic excitatory
91,458,Thalamic excitatory
92,458,Thalamic excitatory
93,453,Thalamic excitatory
94,453,Thalamic excitatory
95,449,Thalamic excitatory
96,453,Thalamic excitatory
97,453,Thalamic excitatory
98,447,Thalamic excitatory
99,454,Thalamic excitatory
100,454,Thalamic excitatory
101,450,Thalamic excitatory
102,450,Thalamic excitatory
103,450,Thalamic excitatory
104,450,Thalamic excitatory
105,449,Thalamic excitatory
106,449,Thalamic excitatory
107,452,Thalamic excitatory
108,452,Thalamic excitatory
109,452,Thalamic excitatory
110,448,Thalamic excitatory
111,448,Thalamic excitatory
112,448,Thalamic excitatory
113,448,Thalamic excitatory
114,448,Thalamic excitatory
115,448,Thalamic excitatory
116,448,Thalamic excitatory
117,447,Thalamic excitatory
118,447,Thalamic excitatory
119,447,Thalamic excitatory
120,447,Thalamic excitatory
121,447,Thalamic excitatory
122,445,Thalamic excitatory
123,446,Thalamic excitatory
124,446,Thalamic excitatory
125,302,Cerebellar inhibitory
126,298,Cerebellar inhibitory
127,298,Cerebellar inhibitory
128,298,Cerebellar inhibitory
129,301,Cerebellar inhibitory
130,299,Cerebellar inhibitory
131,299,Cerebellar inhibitory
132,299,Cerebellar inhibitory
133,299,Cerebellar inhibitory
134,299,Cerebellar inhibitory
135,299,Cerebellar inhibitory
136,300,Cerebellar inhibitory
137,300,Cerebellar inhibitory
138,300,Cerebellar inhibitory
139,300,Cerebellar inhibitory
140,300,Cerebellar inhibitory
141,300,Cerebellar inhibitory
142,300,Cerebellar inhibitory
143,300,Cerebellar inhibitory
144,303,Cerebellar inhibitory
145,303,Cerebellar inhibitory
146,303,Cerebellar inhibitory
147,303,Cerebellar inhibitory
148,303,Cerebellar inhibitory
149,304,Cerebellar inhibitory
150,304,Cerebellar inhibitory
151,304,Cerebellar inhibitory
152,304,Cerebellar inhibitory
153,306,Cerebellar inhibitory
154,306,Cerebellar inhibitory
155,305,Cerebellar inhibitory
156,305,Cerebellar inhibitory
157,307,Cerebellar inhibitory
158,307,Cerebellar inhibitory
159,307,Cerebellar inhibitory
160,307,Cerebellar inhibitory
161,301,Cerebellar inhibitory
162,301,Cerebellar inhibitory
163,409,Splatter
164,409,Splatter
165,409,Splatter
166,409,Splatter
167,409,Splatter
168,238,Splatter
169,238,Splatter
170,238,Splatter
171,238,Splatter
172,238,Splatter
173,238,Splatter
174,238,Splatter
175,238,Splatter
176,238,Splatter
177,237,Splatter
178,238,Splatter
179,237,Splatter
180,237,Splatter
181,237,Splatter
182,237,Splatter
183,237,Splatter
184,237,Splatter
185,237,Splatter
186,425,Splatter
187,245,MGE interneuron
188,245,MGE interneuron
189,245,MGE interneuron
190,245,MGE interneuron
191,235,Splatter
192,235,Splatter
193,235,Splatter
194,235,Splatter
195,235,Splatter
196,235,Splatter
197,235,Splatter
198,235,Splatter
199,235,Splatter
200,235,Splatter
201,254,MGE interneuron
202,254,MGE interneuron
203,254,MGE interneuron
204,254,MGE interneuron
205,254,MGE interneuron
206,254,MGE interneuron
207,254,MGE interneuron
208,254,MGE interneuron
209,254,MGE interneuron
210,253,MGE interneuron
211,253,MGE interneuron
212,253,MGE interneuron
213,253,MGE interneuron
214,253,MGE interneuron
215,252,MGE interneuron
216,253,MGE interneuron
217,253,MGE interneuron
218,252,MGE interneuron
219,253,MGE interneuron
220,254,MGE interneuron
221,252,MGE interneuron
222,249,MGE interneuron
223,252,MGE interneuron
224,252,MGE interneuron
225,252,MGE interneuron
226,252,MGE interneuron
227,252,MGE interneuron
228,252,MGE interneuron
229,252,MGE interneuron
230,246,MGE interneuron
231,246,MGE interneuron
232,246,MGE interneuron
233,246,MGE interneuron
234,246,MGE interneuron
235,246,MGE interneuron
236,246,MGE interneuron
237,246,MGE interneuron
238,246,MGE interneuron
239,246,MGE interneuron
240,247,MGE interneuron
241,247,MGE interneuron
242,247,MGE interneuron
243,247,MGE interneuron
244,247,MGE interneuron
245,247,MGE interneuron
246,247,MGE interneuron
247,248,MGE interneuron
248,248,MGE interneuron
249,248,MGE interneuron
250,249,MGE interneuron
251,248,MGE interneuron
252,248,MGE interneuron
253,248,MGE interneuron
254,248,MGE interneuron
255,248,MGE interneuron
256,248,MGE interneuron
257,252,MGE interneuron
258,249,MGE interneuron
259,249,MGE interneuron
260,249,MGE interneuron
261,249,MGE interneuron
262,249,MGE interneuron
263,249,MGE interneuron
264,249,MGE interneuron
265,249,MGE interneuron
266,250,MGE interneuron
267,249,MGE interneuron
268,250,MGE interneuron
269,250,MGE interneuron
270,250,MGE interneuron
271,250,MGE interneuron
272,250,MGE interneuron
273,250,MGE interneuron
274,250,MGE interneuron
275,250,MGE interneuron
276,250,MGE interneuron
277,251,MGE interneuron
278,251,MGE interneuron
279,251,MGE interneuron
280,251,MGE interneuron
281,251,MGE interneuron
282,251,MGE interneuron
283,250,MGE interneuron
284,251,MGE interneuron
285,248,MGE interneuron
286,244,MGE interneuron
287,244,MGE interneuron
288,244,MGE interneuron
289,244,MGE interneuron
290,244,MGE interneuron
291,244,MGE interneuron
292,244,MGE interneuron
293,235,Splatter
294,245,MGE interneuron
295,245,MGE interneuron
296,245,MGE interneuron
297,245,MGE interneuron
298,245,MGE interneuron
299,242,MGE interneuron
300,243,MGE interneuron
301,243,MGE interneuron
302,243,MGE interneuron
303,243,MGE interneuron
304,243,MGE interneuron
305,243,MGE interneuron
306,243,MGE interneuron
307,243,MGE interneuron
308,242,MGE interneuron
309,242,MGE interneuron
310,242,MGE interneuron
311,242,MGE interneuron
312,242,MGE interneuron
313,242,MGE interneuron
314,242,MGE interneuron
315,241,MGE interneuron
316,241,MGE interneuron
317,241,MGE interneuron
318,242,MGE interneuron
319,239,MGE interneuron
320,241,MGE interneuron
321,241,MGE interneuron
322,241,MGE interneuron
323,241,MGE interneuron
324,240,MGE interneuron
325,240,MGE interneuron
326,240,MGE interneuron
327,237,Splatter
328,236,MGE interneuron
329,236,MGE interneuron
330,236,MGE interneuron
331,236,MGE interneuron
332,260,MGE interneuron
333,260,MGE interneuron
334,260,MGE interneuron
335,260,MGE interneuron
336,260,MGE interneuron
337,259,MGE interneuron
338,259,MGE interneuron
339,259,MGE interneuron
340,259,MGE interneuron
341,259,MGE interneuron
342,259,MGE interneuron
343,259,MGE interneuron
344,259,MGE interneuron
345,239,MGE interneuron
346,239,MGE interneuron
347,239,MGE interneuron
348,239,MGE interneuron
349,239,MGE interneuron
350,239,MGE interneuron
351,239,MGE interneuron
352,239,MGE interneuron
353,239,MGE interneuron
354,258,MGE interneuron
355,258,MGE interneuron
356,258,MGE interneuron
357,258,MGE interneuron
358,258,MGE interneuron
359,258,MGE interneuron
360,256,MGE interneuron
361,256,MGE interneuron
362,256,MGE interneuron
363,256,MGE interneuron
364,256,MGE interneuron
365,255,MGE interneuron
366,255,MGE interneuron
367,255,MGE interneuron
368,255,MGE interneuron
369,255,MGE interneuron
370,255,MGE interneuron
371,255,MGE interneuron
372,258,MGE interneuron
373,253,MGE interneuron
374,264,LAMP5-LHX6 and Chandelier
375,264,LAMP5-LHX6 and Chandelier
376,264,LAMP5-LHX6 and Chandelier
377,264,LAMP5-LHX6 and Chandelier
378,266,LAMP5-LHX6 and Chandelier
379,265,LAMP5-LHX6 and Chandelier
380,265,LAMP5-LHX6 and Chandelier
381,266,LAMP5-LHX6 and Chandelier
382,265,LAMP5-LHX6 and Chandelier
383,265,LAMP5-LHX6 and Chandelier
384,266,LAMP5-LHX6 and Chandelier
385,266,LAMP5-LHX6 and Chandelier
386,266,LAMP5-LHX6 and Chandelier
387,266,LAMP5-LHX6 and Chandelier
388,266,LAMP5-LHX6 and Chandelier
389,246,MGE interneuron
390,236,MGE interneuron
391,236,MGE interneuron
392,236,MGE interneuron
393,257,MGE interneuron
394,257,MGE interneuron
395,236,MGE interneuron
396,236,MGE interneuron
397,236,MGE interneuron
398,257,MGE interneuron
399,257,MGE interneuron
400,258,MGE interneuron
401,258,MGE interneuron
402,258,MGE interneuron
403,257,MGE interneuron
404,257,MGE interneuron
405,262,MGE interneuron
406,262,MGE interneuron
407,262,MGE interneuron
408,262,MGE interneuron
409,257,MGE interneuron
410,261,MGE interneuron
411,261,MGE interneuron
412,259,MGE interneuron
413,261,MGE interneuron
414,261,MGE interneuron
415,261,MGE interneuron
416,261,MGE interneuron
417,261,MGE interneuron
418,261,MGE interneuron
419,261,MGE interneuron
420,261,MGE interneuron
421,260,MGE interneuron
422,260,MGE interneuron
423,263,MGE interneuron
424,263,MGE interneuron
425,286,CGE interneuron
426,286,CGE interneuron
427,286,CGE interneuron
428,286,CGE interneuron
429,288,CGE interneuron
430,288,CGE interneuron
431,287,CGE interneuron
432,287,CGE interneuron
433,287,CGE interneuron
434,287,CGE interneuron
435,287,CGE interneuron
436,288,CGE interneuron
437,288,CGE interneuron
438,288,CGE interneuron
439,270,LAMP5-LHX6 and Chandelier
440,270,LAMP5-LHX6 and Chandelier
441,270,LAMP5-LHX6 and Chandelier
442,270,LAMP5-LHX6 and Chandelier
443,271,LAMP5-LHX6 and Chandelier
444,268,LAMP5-LHX6 and Chandelier
445,272,LAMP5-LHX6 and Chandelier
446,271,LAMP5-LHX6 and Chandelier
447,273,LAMP5-LHX6 and Chandelier
448,274,LAMP5-LHX6 and Chandelier
449,274,LAMP5-LHX6 and Chandelier
450,274,LAMP5-LHX6 and Chandelier
451,275,LAMP5-LHX6 and Chandelier
452,275,LAMP5-LHX6 and Chandelier
453,275,LAMP5-LHX6 and Chandelier
454,275,LAMP5-LHX6 and Chandelier
455,275,LAMP5-LHX6 and Chandelier
456,275,LAMP5-LHX6 and Chandelier
457,269,LAMP5-LHX6 and Chandelier
458,268,LAMP5-LHX6 and Chandelier
459,268,LAMP5-LHX6 and Chandelier
460,268,LAMP5-LHX6 and Chandelier
461,271,LAMP5-LHX6 and Chandelier
462,271,LAMP5-LHX6 and Chandelier
463,269,LAMP5-LHX6 and Chandelier
464,269,LAMP5-LHX6 and Chandelier
465,269,LAMP5-LHX6 and Chandelier
466,269,LAMP5-LHX6 and Chandelier
467,269,LAMP5-LHX6 and Chandelier
468,268,LAMP5-LHX6 and Chandelier
469,268,LAMP5-LHX6 and Chandelier
470,273,LAMP5-LHX6 and Chandelier
471,273,LAMP5-LHX6 and Chandelier
472,267,LAMP5-LHX6 and Chandelier
473,267,LAMP5-LHX6 and Chandelier
474,267,LAMP5-LHX6 and Chandelier
475,267,LAMP5-LHX6 and Chandelier
476,267,LAMP5-LHX6 and Chandelier
477,267,LAMP5-LHX6 and Chandelier
478,267,LAMP5-LHX6 and Chandelier
479,276,CGE interneuron
480,276,CGE interneuron
481,276,CGE interneuron
482,276,CGE interneuron
483,296,CGE interneuron
484,296,CGE interneuron
485,296,CGE interneuron
486,296,CGE interneuron
487,296,CGE interneuron
488,296,CGE interneuron
489,296,CGE interneuron
490,296,CGE interneuron
491,295,CGE interneuron
492,295,CGE interneuron
493,295,CGE interneuron
494,295,CGE interneuron
495,295,CGE interneuron
496,289,CGE interneuron
497,295,CGE interneuron
498,295,CGE interneuron
499,295,CGE interneuron
500,295,CGE interneuron
501,294,CGE interneuron
502,294,CGE interneuron
503,294,CGE interneuron
504,294,CGE interneuron
505,293,CGE interneuron
506,294,CGE interneuron
507,293,CGE interneuron
508,293,CGE interneuron
509,294,CGE interneuron
510,294,CGE interneuron
511,294,CGE interneuron
512,294,CGE interneuron
513,294,CGE interneuron
514,290,CGE interneuron
515,290,CGE interneuron
516,293,CGE interneuron
517,293,CGE interneuron
518,293,CGE interneuron
519,293,CGE interneuron
520,293,CGE interneuron
521,293,CGE interneuron
522,289,CGE interneuron
523,289,CGE interneuron
524,289,CGE interneuron
525,289,CGE interneuron
526,289,CGE interneuron
527,289,CGE interneuron
528,289,CGE interneuron
529,289,CGE interneuron
530,289,CGE interneuron
531,291,CGE interneuron
532,290,CGE interneuron
533,290,CGE interneuron
534,290,CGE interneuron
535,290,CGE interneuron
536,290,CGE interneuron
537,290,CGE interneuron
538,290,CGE interneuron
539,291,CGE interneuron
540,291,CGE interneuron
541,291,CGE interneuron
542,291,CGE interneuron
543,291,CGE interneuron
544,291,CGE interneuron
545,284,CGE interneuron
546,284,CGE interneuron
547,284,CGE interneuron
548,284,CGE interneuron
549,284,CGE interneuron
550,284,CGE interneuron
551,284,CGE interneuron
552,284,CGE interneuron
553,284,CGE interneuron
554,284,CGE interneuron
555,284,CGE interneuron
556,286,CGE interneuron
557,286,CGE interneuron
558,283,CGE interneuron
559,283,CGE interneuron
560,283,CGE interneuron
561,283,CGE interneuron
562,283,CGE interneuron
563,282,CGE interneuron
564,282,CGE interneuron
565,282,CGE interneuron
566,282,CGE interneuron
567,282,CGE interneuron
568,282,CGE interneuron
569,282,CGE interneuron
570,282,CGE interneuron
571,282,CGE interneuron
572,292,CGE interneuron
573,292,CGE interneuron
574,292,CGE interneuron
575,292,CGE interneuron
576,292,CGE interneuron
577,292,CGE interneuron
578,292,CGE interneuron
579,292,CGE interneuron
580,280,CGE interneuron
581,280,CGE interneuron
582,280,CGE interneuron
583,280,CGE interneuron
584,280,CGE interneuron
585,280,CGE interneuron
586,280,CGE interneuron
587,280,CGE interneuron
588,285,CGE interneuron
589,281,CGE interneuron
590,281,CGE interneuron
591,281,CGE interneuron
592,281,CGE interneuron
593,281,CGE interneuron
594,279,CGE interneuron
595,279,CGE interneuron
596,279,CGE interneuron
597,428,Splatter
598,293,CGE interneuron
599,294,CGE interneuron
600,285,CGE interneuron
601,285,CGE interneuron
602,285,CGE interneuron
603,285,CGE interneuron
604,285,CGE interneuron
605,285,CGE interneuron
606,285,CGE interneuron
607,285,CGE interneuron
608,285,CGE interneuron
609,285,CGE interneuron
610,285,CGE interneuron
611,279,CGE interneuron
612,279,CGE interneuron
613,279,CGE interneuron
614,279,CGE interneuron
615,279,CGE interneuron
616,279,CGE interneuron
617,279,CGE interneuron
618,279,CGE interneuron
619,279,CGE interneuron
620,279,CGE interneuron
621,294,CGE interneuron
622,276,CGE interneuron
623,276,CGE interneuron
624,276,CGE interneuron
625,276,CGE interneuron
626,276,CGE interneuron
627,276,CGE interneuron
628,276,CGE interneuron
629,276,CGE interneuron
630,276,CGE interneuron
631,285,CGE interneuron
632,277,CGE interneuron
633,277,CGE interneuron
634,277,CGE interneuron
635,277,CGE interneuron
636,277,CGE interneuron
637,277,CGE interneuron
638,278,CGE interneuron
639,278,CGE interneuron
640,278,CGE interneuron
641,278,CGE interneuron
642,278,CGE interneuron
643,278,CGE interneuron
644,278,CGE interneuron
645,277,CGE interneuron
646,433,Midbrain-derived inhibitory
647,433,Midbrain-derived inhibitory
648,433,Midbrain-derived inhibitory
649,433,Midbrain-derived inhibitory
650,433,Midbrain-derived inhibitory
651,433,Midbrain-derived inhibitory
652,433,Midbrain-derived inhibitory
653,439,Midbrain-derived inhibitory
654,439,Midbrain-derived inhibitory
655,439,Midbrain-derived inhibitory
656,439,Midbrain-derived inhibitory
657,439,Midbrain-derived inhibitory
658,439,Midbrain-derived inhibitory
659,439,Midbrain-derived inhibitory
660,438,Midbrain-derived inhibitory
661,435,Midbrain-derived inhibitory
662,438,Midbrain-derived inhibitory
663,438,Midbrain-derived inhibitory
664,435,Midbrain-derived inhibitory
665,435,Midbrain-derived inhibitory
666,435,Midbrain-derived inhibitory
667,434,Midbrain-derived inhibitory
668,434,Midbrain-derived inhibitory
669,434,Midbrain-derived inhibitory
670,434,Midbrain-derived inhibitory
671,434,Midbrain-derived inhibitory
672,434,Midbrain-derived inhibitory
673,435,Midbrain-derived inhibitory
674,435,Midbrain-derived inhibitory
675,436,Midbrain-derived inhibitory
676,436,Midbrain-derived inhibitory
677,436,Midbrain-derived inhibitory
678,436,Midbrain-derived inhibitory
679,437,Midbrain-derived inhibitory
680,436,Midbrain-derived inhibitory
681,436,Midbrain-derived inhibitory
682,436,Midbrain-derived inhibitory
683,436,Midbrain-derived inhibitory
684,437,Midbrain-derived inhibitory
685,437,Midbrain-derived inhibitory
686,437,Midbrain-derived inhibitory
687,437,Midbrain-derived inhibitory
688,437,Midbrain-derived inhibitory
689,439,Midbrain-derived inhibitory
690,440,Midbrain-derived inhibitory
691,438,Midbrain-derived inhibitory
692,440,Midbrain-derived inhibitory
693,440,Midbrain-derived inhibitory
694,440,Midbrain-derived inhibitory
695,441,Midbrain-derived inhibitory
696,441,Midbrain-derived inhibitory
697,441,Midbrain-derived inhibitory
698,441,Midbrain-derived inhibitory
699,441,Midbrain-derived inhibitory
700,442,Midbrain-derived inhibitory
701,442,Midbrain-derived inhibitory
702,443,Midbrain-derived inhibitory
703,443,Midbrain-derived inhibitory
704,443,Midbrain-derived inhibitory
705,444,Midbrain-derived inhibitory
706,444,Midbrain-derived inhibitory
707,436,Midbrain-derived inhibitory
708,436,Midbrain-derived inhibitory
709,436,Midbrain-derived inhibitory
710,313,Splatter
711,313,Splatter
712,313,Splatter
713,313,Splatter
714,313,Splatter
715,408,Amygdala excitatory
716,408,Amygdala excitatory
717,408,Amygdala excitatory
718,408,Amygdala excitatory
719,432,Splatter
720,432,Splatter
721,432,Splatter
722,432,Splatter
723,432,Splatter
724,410,Splatter
725,410,Splatter
726,397,Splatter
727,397,Splatter
728,397,Splatter
729,397,Splatter
730,396,Splatter
731,396,Splatter
732,396,Splatter
733,396,Splatter
734,396,Splatter
735,397,Splatter
736,397,Splatter
737,397,Splatter
738,397,Splatter
739,397,Splatter
740,397,Splatter
741,397,Splatter
742,397,Splatter
743,397,Splatter
744,335,Splatter
745,335,Splatter
746,335,Splatter
747,351,Splatter
748,351,Splatter
749,351,Splatter
750,351,Splatter
751,351,Splatter
752,351,Splatter
753,393,Splatter
754,393,Splatter
755,393,Splatter
756,393,Splatter
757,393,Splatter
758,393,Splatter
759,393,Splatter
760,393,Splatter
761,393,Splatter
762,393,Splatter
763,339,Splatter
764,339,Splatter
765,339,Splatter
766,339,Splatter
767,339,Splatter
768,362,Splatter
769,362,Splatter
770,362,Splatter
771,392,Splatter
772,392,Splatter
773,392,Splatter
774,354,Splatter
775,354,Splatter
776,337,Splatter
777,423,Splatter
778,322,Lower rhombic lip
779,322,Lower rhombic lip
780,322,Lower rhombic lip
781,322,Lower rhombic lip
782,322,Lower rhombic lip
783,315,Lower rhombic lip
784,315,Lower rhombic lip
785,316,Lower rhombic lip
786,316,Lower rhombic lip
787,316,Lower rhombic lip
788,316,Lower rhombic lip
789,316,Lower rhombic lip
790,316,Lower rhombic lip
791,321,Lower rhombic lip
792,321,Lower rhombic lip
793,321,Lower rhombic lip
794,320,Lower rhombic lip
795,320,Lower rhombic lip
796,319,Lower rhombic lip
797,320,Lower rhombic lip
798,320,Lower rhombic lip
799,320,Lower rhombic lip
800,319,Lower rhombic lip
801,319,Lower rhombic lip
802,320,Lower rhombic lip
803,320,Lower rhombic lip
804,318,Lower rhombic lip
805,318,Lower rhombic lip
806,321,Lower rhombic lip
807,317,Lower rhombic lip
808,317,Lower rhombic lip
809,317,Lower rhombic lip
810,316,Lower rhombic lip
811,321,Lower rhombic lip
812,431,Splatter
813,431,Splatter
814,431,Splatter
815,431,Splatter
816,431,Splatter
817,431,Splatter
818,431,Splatter
819,431,Splatter
820,431,Splatter
821,431,Splatter
822,431,Splatter
823,411,Splatter
824,411,Splatter
825,411,Splatter
826,411,Splatter
827,411,Splatter
828,411,Splatter
829,411,Splatter
830,411,Splatter
831,411,Splatter
832,415,Splatter
833,410,Splatter
834,410,Splatter
835,414,Splatter
836,414,Splatter
837,410,Splatter
838,410,Splatter
839,410,Splatter
840,410,Splatter
841,410,Splatter
842,410,Splatter
843,410,Splatter
844,410,Splatter
845,378,Splatter
846,382,Splatter
847,377,Splatter
848,377,Splatter
849,377,Splatter
850,377,Splatter
851,377,Splatter
852,377,Splatter
853,378,Splatter
854,378,Splatter
855,417,Splatter
856,415,Splatter
857,417,Splatter
858,417,Splatter
859,415,Splatter
860,415,Splatter
861,417,Splatter
862,416,Splatter
863,416,Splatter
864,417,Splatter
865,416,Splatter
866,416,Splatter
867,416,Splatter
868,416,Splatter
869,416,Splatter
870,349,Splatter
871,399,Splatter
872,398,Splatter
873,399,Splatter
874,399,Splatter
875,399,Splatter
876,399,Splatter
877,399,Splatter
878,344,Splatter
879,399,Splatter
880,399,Splatter
881,399,Splatter
882,399,Splatter
883,346,Splatter
884,346,Splatter
885,346,Splatter
886,346,Splatter
887,346,Splatter
888,346,Splatter
889,346,Splatter
890,387,Splatter
891,387,Splatter
892,387,Splatter
893,387,Splatter
894,387,Splatter
895,380,Splatter
896,380,Splatter
897,380,Splatter
898,380,Splatter
899,380,Splatter
900,380,Splatter
901,380,Splatter
902,380,Splatter
903,380,Splatter
904,380,Splatter
905,380,Splatter
906,380,Splatter
907,380,Splatter
908,349,Splatter
909,349,Splatter
910,349,Splatter
911,349,Splatter
912,349,Splatter
913,349,Splatter
914,347,Splatter
915,347,Splatter
916,381,Splatter
917,381,Splatter
918,381,Splatter
919,344,Splatter
920,374,Splatter
921,374,Splatter
922,374,Splatter
923,374,Splatter
924,374,Splatter
925,374,Splatter
926,374,Splatter
927,374,Splatter
928,374,Splatter
929,378,Splatter
930,378,Splatter
931,378,Splatter
932,386,Splatter
933,386,Splatter
934,386,Splatter
935,386,Splatter
936,344,Splatter
937,344,Splatter
938,344,Splatter
939,344,Splatter
940,407,Amygdala excitatory
941,407,Amygdala excitatory
942,407,Amygdala excitatory
943,407,Amygdala excitatory
944,387,Splatter
945,387,Splatter
946,387,Splatter
947,366,Splatter
948,366,Splatter
949,379,Splatter
950,379,Splatter
951,380,Splatter
952,380,Splatter
953,366,Splatter
954,366,Splatter
955,366,Splatter
956,366,Splatter
957,380,Splatter
958,380,Splatter
959,380,Splatter
960,380,Splatter
961,380,Splatter
962,396,Splatter
963,344,Splatter
964,343,Splatter
965,398,Splatter
966,387,Splatter
967,387,Splatter
968,387,Splatter
969,387,Splatter
970,387,Splatter
971,387,Splatter
972,339,Splatter
973,339,Splatter
974,388,Splatter
975,388,Splatter
976,388,Splatter
977,388,Splatter
978,373,Splatter
979,373,Splatter
980,373,Splatter
981,373,Splatter
982,373,Splatter
983,373,Splatter
984,373,Splatter
985,373,Splatter
986,373,Splatter
987,372,Thalamic excitatory
988,372,Thalamic excitatory
989,372,Thalamic excitatory
990,373,Splatter
991,373,Splatter
992,373,Splatter
993,344,Splatter
994,344,Splatter
995,367,Splatter
996,367,Splatter
997,367,Splatter
998,367,Splatter
999,367,Splatter
1000,367,Splatter
1001,367,Splatter
1002,367,Splatter
1003,367,Splatter
1004,367,Splatter
1005,367,Splatter
1006,364,Splatter
1007,367,Splatter
1008,367,Splatter
1009,367,Splatter
1010,364,Splatter
1011,364,Splatter
1012,368,Splatter
1013,394,Splatter
1014,394,Splatter
1015,370,Splatter
1016,371,Splatter
1017,371,Splatter
1018,370,Splatter
1019,370,Splatter
1020,370,Splatter
1021,370,Splatter
1022,370,Splatter
1023,370,Splatter
1024,370,Splatter
1025,370,Splatter
1026,370,Splatter
1027,370,Splatter
1028,370,Splatter
1029,370,Splatter
1030,369,Splatter
1031,370,Splatter
1032,369,Splatter
1033,369,Splatter
1034,369,Splatter
1035,370,Splatter
1036,369,Splatter
1037,369,Splatter
1038,369,Splatter
1039,369,Splatter
1040,369,Splatter
1041,369,Splatter
1042,369,Splatter
1043,369,Splatter
1044,369,Splatter
1045,369,Splatter
1046,369,Splatter
1047,407,Amygdala excitatory
1048,407,Amygdala excitatory
1049,407,Amygdala excitatory
1050,374,Splatter
1051,340,Splatter
1052,340,Splatter
1053,340,Splatter
1054,367,Splatter
1055,367,Splatter
1056,366,Splatter
1057,364,Splatter
1058,368,Splatter
1059,384,Splatter
1060,364,Splatter
1061,364,Splatter
1062,364,Splatter
1063,364,Splatter
1064,364,Splatter
1065,364,Splatter
1066,364,Splatter
1067,364,Splatter
1068,364,Splatter
1069,364,Splatter
1070,372,Thalamic excitatory
1071,372,Thalamic excitatory
1072,372,Thalamic excitatory
1073,373,Splatter
1074,372,Thalamic excitatory
1075,372,Thalamic excitatory
1076,372,Thalamic excitatory
1077,372,Thalamic excitatory
1078,372,Thalamic excitatory
1079,372,Thalamic excitatory
1080,372,Thalamic excitatory
1081,372,Thalamic excitatory
1082,372,Thalamic excitatory
1083,372,Thalamic excitatory
1084,459,Thalamic excitatory
1085,459,Thalamic excitatory
1086,459,Thalamic excitatory
1087,459,Thalamic excitatory
1088,459,Thalamic excitatory
1089,459,Thalamic excitatory
1090,459,Thalamic excitatory
1091,459,Thalamic excitatory
1092,388,Splatter
1093,377,Splatter
1094,382,Splatter
1095,366,Splatter
1096,382,Splatter
1097,382,Splatter
1098,382,Splatter
1099,382,Splatter
1100,382,Splatter
1101,382,Splatter
1102,383,Splatter
1103,383,Splatter
1104,383,Splatter
1105,383,Splatter
1106,383,Splatter
1107,383,Splatter
1108,383,Splatter
1109,383,Splatter
1110,366,Splatter
1111,383,Splatter
1112,383,Splatter
1113,383,Splatter
1114,383,Splatter
1115,383,Splatter
1116,383,Splatter
1117,385,Splatter
1118,385,Splatter
1119,385,Splatter
1120,385,Splatter
1121,385,Splatter
1122,385,Splatter
1123,385,Splatter
1124,385,Splatter
1125,385,Splatter
1126,414,Splatter
1127,414,Splatter
1128,412,Splatter
1129,412,Splatter
1130,412,Splatter
1131,412,Splatter
1132,412,Splatter
1133,412,Splatter
1134,412,Splatter
1135,432,Splatter
1136,412,Splatter
1137,412,Splatter
1138,412,Splatter
1139,412,Splatter
1140,413,Splatter
1141,413,Splatter
1142,413,Splatter
1143,413,Splatter
1144,413,Splatter
1145,413,Splatter
1146,413,Splatter
1147,413,Splatter
1148,413,Splatter
1149,413,Splatter
1150,413,Splatter
1151,413,Splatter
1152,420,Splatter
1153,420,Splatter
1154,331,Mammillary body
1155,331,Mammillary body
1156,331,Mammillary body
1157,412,Splatter
1158,412,Splatter
1159,431,Splatter
1160,412,Splatter
1161,412,Splatter
1162,415,Splatter
1163,412,Splatter
1164,412,Splatter
1165,415,Splatter
1166,415,Splatter
1167,415,Splatter
1168,415,Splatter
1169,416,Splatter
1170,414,Splatter
1171,414,Splatter
1172,414,Splatter
1173,414,Splatter
1174,414,Splatter
1175,414,Splatter
1176,414,Splatter
1177,414,Splatter
1178,414,Splatter
1179,414,Splatter
1180,414,Splatter
1181,384,Splatter
1182,384,Splatter
1183,384,Splatter
1184,373,Splatter
1185,373,Splatter
1186,373,Splatter
1187,368,Splatter
1188,368,Splatter
1189,368,Splatter
1190,368,Splatter
1191,368,Splatter
1192,368,Splatter
1193,368,Splatter
1194,368,Splatter
1195,368,Splatter
1196,366,Splatter
1197,368,Splatter
1198,368,Splatter
1199,368,Splatter
1200,414,Splatter
1201,345,Splatter
1202,415,Splatter
1203,373,Splatter
1204,366,Splatter
1205,368,Splatter
1206,413,Splatter
1207,366,Splatter
1208,366,Splatter
1209,368,Splatter
1210,370,Splatter
1211,369,Splatter
1212,368,Splatter
1213,368,Splatter
1214,368,Splatter
1215,368,Splatter
1216,384,Splatter
1217,385,Splatter
1218,384,Splatter
1219,376,Splatter
1220,383,Splatter
1221,376,Splatter
1222,376,Splatter
1223,376,Splatter
1224,376,Splatter
1225,376,Splatter
1226,376,Splatter
1227,365,Splatter
1228,365,Splatter
1229,365,Splatter
1230,368,Splatter
1231,384,Splatter
1232,365,Splatter
1233,365,Splatter
1234,365,Splatter
1235,365,Splatter
1236,390,Splatter
1237,394,Splatter
1238,362,Splatter
1239,365,Splatter
1240,365,Splatter
1241,365,Splatter
1242,366,Splatter
1243,365,Splatter
1244,365,Splatter
1245,365,Splatter
1246,365,Splatter
1247,365,Splatter
1248,365,Splatter
1249,365,Splatter
1250,365,Splatter
1251,365,Splatter
1252,365,Splatter
1253,365,Splatter
1254,365,Splatter
1255,365,Splatter
1256,365,Splatter
1257,355,Splatter
1258,365,Splatter
1259,365,Splatter
1260,365,Splatter
1261,365,Splatter
1262,365,Splatter
1263,366,Splatter
1264,365,Splatter
1265,365,Splatter
1266,365,Splatter
1267,365,Splatter
1268,366,Splatter
1269,344,Splatter
1270,366,Splatter
1271,366,Splatter
1272,387,Splatter
1273,396,Splatter
1274,396,Splatter
1275,396,Splatter
1276,396,Splatter
1277,396,Splatter
1278,396,Splatter
1279,396,Splatter
1280,332,Mammillary body
1281,332,Mammillary body
1282,332,Mammillary body
1283,332,Mammillary body
1284,333,Mammillary body
1285,333,Mammillary body
1286,333,Mammillary body
1287,414,Splatter
1288,333,Mammillary body
1289,333,Mammillary body
1290,333,Mammillary body
1291,376,Splatter
1292,374,Splatter
1293,374,Splatter
1294,374,Splatter
1295,357,Splatter
1296,355,Splatter
1297,358,Splatter
1298,358,Splatter
1299,358,Splatter
1300,358,Splatter
1301,358,Splatter
1302,361,Splatter
1303,361,Splatter
1304,357,Splatter
1305,357,Splatter
1306,357,Splatter
1307,357,Splatter
1308,357,Splatter
1309,357,Splatter
1310,357,Splatter
1311,357,Splatter
1312,357,Splatter
1313,357,Splatter
1314,358,Splatter
1315,358,Splatter
1316,358,Splatter
1317,358,Splatter
1318,359,Splatter
1319,359,Splatter
1320,359,Splatter
1321,359,Splatter
1322,359,Splatter
1323,359,Splatter
1324,359,Splatter
1325,357,Splatter
1326,357,Splatter
1327,357,Splatter
1328,390,Splatter
1329,390,Splatter
1330,390,Splatter
1331,390,Splatter
1332,390,Splatter
1333,390,Splatter
1334,354,Splatter
1335,356,Splatter
1336,356,Splatter
1337,356,Splatter
1338,362,Splatter
1339,362,Splatter
1340,389,Splatter
1341,389,Splatter
1342,356,Splatter
1343,356,Splatter
1344,356,Splatter
1345,356,Splatter
1346,356,Splatter
1347,356,Splatter
1348,356,Splatter
1349,356,Splatter
1350,356,Splatter
1351,356,Splatter
1352,356,Splatter
1353,358,Splatter
1354,356,Splatter
1355,356,Splatter
1356,356,Splatter
1357,356,Splatter
1358,356,Splatter
1359,356,Splatter
1360,356,Splatter
1361,356,Splatter
1362,366,Splatter
1363,366,Splatter
1364,366,Splatter
1365,381,Splatter
1366,381,Splatter
1367,362,Splatter
1368,362,Splatter
1369,381,Splatter
1370,381,Splatter
1371,380,Splatter
1372,380,Splatter
1373,355,Splatter
1374,355,Splatter
1375,354,Splatter
1376,354,Splatter
1377,354,Splatter
1378,354,Splatter
1379,354,Splatter
1380,354,Splatter
1381,354,Splatter
1382,354,Splatter
1383,365,Splatter
1384,354,Splatter
1385,358,Splatter
1386,355,Splatter
1387,355,Splatter
1388,355,Splatter
1389,355,Splatter
1390,365,Splatter
1391,354,Splatter
1392,355,Splatter
1393,355,Splatter
1394,355,Splatter
1395,380,Splatter
1396,362,Splatter
1397,389,Splatter
1398,389,Splatter
1399,389,Splatter
1400,389,Splatter
1401,389,Splatter
1402,389,Splatter
1403,389,Splatter
1404,390,Splatter
1405,390,Splatter
1406,390,Splatter
1407,390,Splatter
1408,390,Splatter
1409,390,Splatter
1410,362,Splatter
1411,362,Splatter
1412,368,Splatter
1413,373,Splatter
1414,373,Splatter
1415,373,Splatter
1416,373,Splatter
1417,366,Splatter
1418,366,Splatter
1419,366,Splatter
1420,366,Splatter
1421,366,Splatter
1422,366,Splatter
1423,370,Splatter
1424,366,Splatter
1425,366,Splatter
1426,368,Splatter
1427,368,Splatter
1428,368,Splatter
1429,368,Splatter
1430,368,Splatter
1431,367,Splatter
1432,364,Splatter
1433,384,Splatter
1434,376,Splatter
1435,374,Splatter
1436,376,Splatter
1437,397,Splatter
1438,376,Splatter
1439,376,Splatter
1440,415,Splatter
1441,376,Splatter
1442,376,Splatter
1443,340,Splatter
1444,340,Splatter
1445,377,Splatter
1446,420,Splatter
1447,420,Splatter
1448,420,Splatter
1449,420,Splatter
1450,420,Splatter
1451,420,Splatter
1452,420,Splatter
1453,376,Splatter
1454,376,Splatter
1455,415,Splatter
1456,377,Splatter
1457,377,Splatter
1458,377,Splatter
1459,377,Splatter
1460,377,Splatter
1461,363,Splatter
1462,377,Splatter
1463,376,Splatter
1464,377,Splatter
1465,423,Splatter
1466,423,Splatter
1467,421,Splatter
1468,421,Splatter
1469,421,Splatter
1470,421,Splatter
1471,421,Splatter
1472,421,Splatter
1473,421,Splatter
1474,421,Splatter
1475,416,Splatter
1476,428,Splatter
1477,428,Splatter
1478,415,Splatter
1479,415,Splatter
1480,415,Splatter
1481,415,Splatter
1482,422,Splatter
1483,424,Splatter
1484,424,Splatter
1485,422,Splatter
1486,422,Splatter
1487,422,Splatter
1488,422,Splatter
1489,422,Splatter
1490,422,Splatter
1491,422,Splatter
1492,422,Splatter
1493,422,Splatter
1494,422,Splatter
1495,422,Splatter
1496,422,Splatter
1497,416,Splatter
1498,416,Splatter
1499,416,Splatter
1500,416,Splatter
1501,415,Splatter
1502,415,Splatter
1503,415,Splatter
1504,415,Splatter
1505,415,Splatter
1506,415,Splatter
1507,429,Splatter
1508,429,Splatter
1509,378,Splatter
1510,378,Splatter
1511,394,Splatter
1512,394,Splatter
1513,394,Splatter
1514,394,Splatter
1515,394,Splatter
1516,394,Splatter
1517,394,Splatter
1518,394,Splatter
1519,394,Splatter
1520,394,Splatter
1521,373,Splatter
1522,407,Amygdala excitatory
1523,385,Splatter
1524,394,Splatter
1525,394,Splatter
1526,394,Splatter
1527,394,Splatter
1528,394,Splatter
1529,340,Splatter
1530,340,Splatter
1531,376,Splatter
1532,398,Splatter
1533,398,Splatter
1534,398,Splatter
1535,398,Splatter
1536,398,Splatter
1537,398,Splatter
1538,398,Splatter
1539,398,Splatter
1540,398,Splatter
1541,398,Splatter
1542,398,Splatter
1543,398,Splatter
1544,398,Splatter
1545,398,Splatter
1546,398,Splatter
1547,381,Splatter
1548,381,Splatter
1549,381,Splatter
1550,381,Splatter
1551,381,Splatter
1552,362,Splatter
1553,362,Splatter
1554,375,Splatter
1555,375,Splatter
1556,375,Splatter
1557,375,Splatter
1558,375,Splatter
1559,375,Splatter
1560,375,Splatter
1561,375,Splatter
1562,375,Splatter
1563,375,Splatter
1564,375,Splatter
1565,375,Splatter
1566,359,Splatter
1567,391,Splatter
1568,391,Splatter
1569,391,Splatter
1570,391,Splatter
1571,394,Splatter
1572,363,Splatter
1573,363,Splatter
1574,353,Splatter
1575,353,Splatter
1576,334,Splatter
1577,334,Splatter
1578,334,Splatter
1579,334,Splatter
1580,334,Splatter
1581,334,Splatter
1582,334,Splatter
1583,334,Splatter
1584,345,Splatter
1585,345,Splatter
1586,345,Splatter
1587,345,Splatter
1588,345,Splatter
1589,345,Splatter
1590,345,Splatter
1591,345,Splatter
1592,345,Splatter
1593,344,Splatter
1594,344,Splatter
1595,344,Splatter
1596,344,Splatter
1597,344,Splatter
1598,343,Splatter
1599,343,Splatter
1600,343,Splatter
1601,343,Splatter
1602,343,Splatter
1603,343,Splatter
1604,343,Splatter
1605,343,Splatter
1606,343,Splatter
1607,348,Splatter
1608,348,Splatter
1609,348,Splatter
1610,348,Splatter
1611,347,Splatter
1612,347,Splatter
1613,347,Splatter
1614,347,Splatter
1615,347,Splatter
1616,347,Splatter
1617,348,Splatter
1618,348,Splatter
1619,348,Splatter
1620,348,Splatter
1621,348,Splatter
1622,348,Splatter
1623,348,Splatter
1624,349,Splatter
1625,349,Splatter
1626,349,Splatter
1627,349,Splatter
1628,347,Splatter
1629,347,Splatter
1630,347,Splatter
1631,347,Splatter
1632,347,Splatter
1633,347,Splatter
1634,400,Splatter
1635,400,Splatter
1636,400,Splatter
1637,400,Splatter
1638,400,Splatter
1639,392,Splatter
1640,400,Splatter
1641,400,Splatter
1642,400,Splatter
1643,350,Splatter
1644,350,Splatter
1645,350,Splatter
1646,350,Splatter
1647,350,Splatter
1648,350,Splatter
1649,350,Splatter
1650,350,Splatter
1651,350,Splatter
1652,350,Splatter
1653,350,Splatter
1654,350,Splatter
1655,348,Splatter
1656,365,Splatter
1657,347,Splatter
1658,350,Splatter
1659,350,Splatter
1660,350,Splatter
1661,419,Amygdala excitatory
1662,419,Amygdala excitatory
1663,419,Amygdala excitatory
1664,419,Amygdala excitatory
1665,405,Amygdala excitatory
1666,405,Amygdala excitatory
1667,419,Amygdala excitatory
1668,419,Amygdala excitatory
1669,419,Amygdala excitatory
1670,419,Amygdala excitatory
1671,419,Amygdala excitatory
1672,419,Amygdala excitatory
1673,419,Amygdala excitatory
1674,420,Splatter
1675,419,Amygdala excitatory
1676,417,Splatter
1677,417,Splatter
1678,417,Splatter
1679,417,Splatter
1680,417,Splatter
1681,417,Splatter
1682,417,Splatter
1683,417,Splatter
1684,415,Splatter
1685,415,Splatter
1686,415,Splatter
1687,423,Splatter
1688,423,Splatter
1689,391,Splatter
1690,391,Splatter
1691,390,Splatter
1692,393,Splatter
1693,393,Splatter
1694,393,Splatter
1695,424,Splatter
1696,392,Splatter
1697,392,Splatter
1698,392,Splatter
1699,392,Splatter
1700,392,Splatter
1701,392,Splatter
1702,392,Splatter
1703,392,Splatter
1704,392,Splatter
1705,392,Splatter
1706,392,Splatter
1707,392,Splatter
1708,427,Medium spiny neuron
1709,427,Medium spiny neuron
1710,427,Medium spiny neuron
1711,427,Medium spiny neuron
1712,427,Medium spiny neuron
1713,427,Medium spiny neuron
1714,427,Medium spiny neuron
1715,422,Splatter
1716,421,Splatter
1717,421,Splatter
1718,427,Medium spiny neuron
1719,427,Medium spiny neuron
1720,427,Medium spiny neuron
1721,426,Eccentric medium spiny neuron
1722,426,Eccentric medium spiny neuron
1723,217,Medium spiny neuron
1724,426,Eccentric medium spiny neuron
1725,426,Eccentric medium spiny neuron
1726,426,Eccentric medium spiny neuron
1727,426,Eccentric medium spiny neuron
1728,217,Medium spiny neuron
1729,428,Splatter
1730,428,Splatter
1731,426,Eccentric medium spiny neuron
1732,403,Splatter
1733,426,Eccentric medium spiny neuron
1734,426,Eccentric medium spiny neuron
1735,426,Eccentric medium spiny neuron
1736,426,Eccentric medium spiny neuron
1737,423,Splatter
1738,407,Amygdala excitatory
1739,407,Amygdala excitatory
1740,407,Amygdala excitatory
1741,407,Amygdala excitatory
1742,407,Amygdala excitatory
1743,425,Splatter
1744,425,Splatter
1745,425,Splatter
1746,425,Splatter
1747,425,Splatter
1748,423,Splatter
1749,424,Splatter
1750,424,Splatter
1751,424,Splatter
1752,424,Splatter
1753,425,Splatter
1754,425,Splatter
1755,425,Splatter
1756,425,Splatter
1757,424,Splatter
1758,424,Splatter
1759,424,Splatter
1760,424,Splatter
1761,425,Splatter
1762,425,Splatter
1763,425,Splatter
1764,425,Splatter
1765,424,Splatter
1766,424,Splatter
1767,424,Splatter
1768,424,Splatter
1769,423,Splatter
1770,423,Splatter
1771,423,Splatter
1772,423,Splatter
1773,423,Splatter
1774,425,Splatter
1775,425,Splatter
1776,425,Splatter
1777,423,Splatter
1778,423,Splatter
1779,423,Splatter
1780,423,Splatter
1781,423,Splatter
1782,421,Splatter
1783,421,Splatter
1784,421,Splatter
1785,421,Splatter
1786,418,Splatter
1787,418,Splatter
1788,418,Splatter
1789,418,Splatter
1790,418,Splatter
1791,418,Splatter
1792,418,Splatter
1793,418,Splatter
1794,418,Splatter
1795,418,Splatter
1796,418,Splatter
1797,418,Splatter
1798,418,Splatter
1799,418,Splatter
1800,428,Splatter
1801,428,Splatter
1802,428,Splatter
1803,429,Splatter
1804,428,Splatter
1805,429,Splatter
1806,429,Splatter
1807,429,Splatter
1808,429,Splatter
1809,429,Splatter
1810,429,Splatter
1811,429,Splatter
1812,429,Splatter
1813,429,Splatter
1814,429,Splatter
1815,429,Splatter
1816,429,Splatter
1817,429,Splatter
1818,429,Splatter
1819,416,Splatter
1820,428,Splatter
1821,428,Splatter
1822,428,Splatter
1823,428,Splatter
1824,429,Splatter
1825,323,Mammillary body
1826,325,Mammillary body
1827,323,Mammillary body
1828,323,Mammillary body
1829,323,Mammillary body
1830,323,Mammillary body
1831,323,Mammillary body
1832,329,Mammillary body
1833,329,Mammillary body
1834,329,Mammillary body
1835,329,Mammillary body
1836,329,Mammillary body
1837,330,Mammillary body
1838,330,Mammillary body
1839,330,Mammillary body
1840,330,Mammillary body
1841,330,Mammillary body
1842,330,Mammillary body
1843,330,Mammillary body
1844,326,Mammillary body
1845,326,Mammillary body
1846,328,Mammillary body
1847,328,Mammillary body
1848,328,Mammillary body
1849,324,Mammillary body
1850,325,Mammillary body
1851,326,Mammillary body
1852,326,Mammillary body
1853,327,Mammillary body
1854,327,Mammillary body
1855,325,Mammillary body
1856,324,Mammillary body
1857,324,Mammillary body
1858,327,Mammillary body
1859,384,Splatter
1860,384,Splatter
1861,384,Splatter
1862,384,Splatter
1863,336,Splatter
1864,336,Splatter
1865,336,Splatter
1866,336,Splatter
1867,336,Splatter
1868,336,Splatter
1869,395,Splatter
1870,395,Splatter
1871,395,Splatter
1872,395,Splatter
1873,395,Splatter
1874,395,Splatter
1875,395,Splatter
1876,395,Splatter
1877,355,Splatter
1878,355,Splatter
1879,355,Splatter
1880,353,Splatter
1881,353,Splatter
1882,353,Splatter
1883,353,Splatter
1884,353,Splatter
1885,353,Splatter
1886,361,Splatter
1887,361,Splatter
1888,361,Splatter
1889,361,Splatter
1890,361,Splatter
1891,358,Splatter
1892,358,Splatter
1893,358,Splatter
1894,361,Splatter
1895,361,Splatter
1896,361,Splatter
1897,361,Splatter
1898,355,Splatter
1899,355,Splatter
1900,355,Splatter
1901,355,Splatter
1902,355,Splatter
1903,358,Splatter
1904,358,Splatter
1905,355,Splatter
1906,360,Splatter
1907,360,Splatter
1908,360,Splatter
1909,360,Splatter
1910,360,Splatter
1911,355,Splatter
1912,360,Splatter
1913,360,Splatter
1914,360,Splatter
1915,360,Splatter
1916,360,Splatter
1917,360,Splatter
1918,359,Splatter
1919,359,Splatter
1920,359,Splatter
1921,359,Splatter
1922,359,Splatter
1923,359,Splatter
1924,359,Splatter
1925,359,Splatter
1926,359,Splatter
1927,359,Splatter
1928,359,Splatter
1929,352,Splatter
1930,359,Splatter
1931,359,Splatter
1932,356,Splatter
1933,359,Splatter
1934,352,Splatter
1935,352,Splatter
1936,352,Splatter
1937,352,Splatter
1938,406,Amygdala excitatory
1939,406,Amygdala excitatory
1940,406,Amygdala excitatory
1941,406,Amygdala excitatory
1942,405,Amygdala excitatory
1943,405,Amygdala excitatory
1944,406,Amygdala excitatory
1945,405,Amygdala excitatory
1946,405,Amygdala excitatory
1947,405,Amygdala excitatory
1948,405,Amygdala excitatory
1949,405,Amygdala excitatory
1950,405,Amygdala excitatory
1951,158,Amygdala excitatory
1952,164,Miscellaneous
1953,406,Amygdala excitatory
1954,406,Amygdala excitatory
1955,406,Amygdala excitatory
1956,406,Amygdala excitatory
1957,406,Amygdala excitatory
1958,406,Amygdala excitatory
1959,405,Amygdala excitatory
1960,403,Splatter
1961,403,Splatter
1962,403,Splatter
1963,403,Splatter
1964,403,Splatter
1965,403,Splatter
1966,403,Splatter
1967,403,Splatter
1968,403,Splatter
1969,403,Splatter
1970,403,Splatter
1971,403,Splatter
1972,224,Eccentric medium spiny neuron
1973,224,Eccentric medium spiny neuron
1974,224,Eccentric medium spiny neuron
1975,224,Eccentric medium spiny neuron
1976,224,Eccentric medium spiny neuron
1977,224,Eccentric medium spiny neuron
1978,224,Eccentric medium spiny neuron
1979,224,Eccentric medium spiny neuron
1980,224,Eccentric medium spiny neuron
1981,222,Eccentric medium spiny neuron
1982,222,Eccentric medium spiny neuron
1983,224,Eccentric medium spiny neuron
1984,222,Eccentric medium spiny neuron
1985,222,Eccentric medium spiny neuron
1986,222,Eccentric medium spiny neuron
1987,222,Eccentric medium spiny neuron
1988,223,Eccentric medium spiny neuron
1989,223,Eccentric medium spiny neuron
1990,223,Eccentric medium spiny neuron
1991,223,Eccentric medium spiny neuron
1992,223,Eccentric medium spiny neuron
1993,223,Eccentric medium spiny neuron
1994,223,Eccentric medium spiny neuron
1995,225,Eccentric medium spiny neuron
1996,233,Eccentric medium spiny neuron
1997,233,Eccentric medium spiny neuron
1998,225,Eccentric medium spiny neuron
1999,225,Eccentric medium spiny neuron
2000,225,Eccentric medium spiny neuron
2001,225,Eccentric medium spiny neuron
2002,225,Eccentric medium spiny neuron
2003,225,Eccentric medium spiny neuron
2004,226,Eccentric medium spiny neuron
2005,226,Eccentric medium spiny neuron
2006,226,Eccentric medium spiny neuron
2007,226,Eccentric medium spiny neuron
2008,226,Eccentric medium spiny neuron
2009,226,Eccentric medium spiny neuron
2010,226,Eccentric medium spiny neuron
2011,233,Eccentric medium spiny neuron
2012,227,Eccentric medium spiny neuron
2013,227,Eccentric medium spiny neuron
2014,227,Eccentric medium spiny neuron
2015,227,Eccentric medium spiny neuron
2016,219,Medium spiny neuron
2017,219,Medium spiny neuron
2018,219,Medium spiny neuron
2019,211,Medium spiny neuron
2020,211,Medium spiny neuron
2021,211,Medium spiny neuron
2022,215,Medium spiny neuron
2023,215,Medium spiny neuron
2024,215,Medium spiny neuron
2025,215,Medium spiny neuron
2026,215,Medium spiny neuron
2027,215,Medium spiny neuron
2028,208,Medium spiny neuron
2029,208,Medium spiny neuron
2030,208,Medium spiny neuron
2031,213,Medium spiny neuron
2032,213,Medium spiny neuron
2033,213,Medium spiny neuron
2034,213,Medium spiny neuron
2035,213,Medium spiny neuron
2036,213,Medium spiny neuron
2037,213,Medium spiny neuron
2038,213,Medium spiny neuron
2039,214,Medium spiny neuron
2040,214,Medium spiny neuron
2041,215,Medium spiny neuron
2042,214,Medium spiny neuron
2043,214,Medium spiny neuron
2044,214,Medium spiny neuron
2045,214,Medium spiny neuron
2046,214,Medium spiny neuron
2047,214,Medium spiny neuron
2048,213,Medium spiny neuron
2049,216,Medium spiny neuron
2050,216,Medium spiny neuron
2051,216,Medium spiny neuron
2052,216,Medium spiny neuron
2053,216,Medium spiny neuron
2054,216,Medium spiny neuron
2055,216,Medium spiny neuron
2056,212,Medium spiny neuron
2057,216,Medium spiny neuron
2058,216,Medium spiny neuron
2059,216,Medium spiny neuron
2060,216,Medium spiny neuron
2061,212,Medium spiny neuron
2062,212,Medium spiny neuron
2063,212,Medium spiny neuron
2064,212,Medium spiny neuron
2065,212,Medium spiny neuron
2066,212,Medium spiny neuron
2067,212,Medium spiny neuron
2068,211,Medium spiny neuron
2069,211,Medium spiny neuron
2070,211,Medium spiny neuron
2071,211,Medium spiny neuron
2072,211,Medium spiny neuron
2073,207,Medium spiny neuron
2074,207,Medium spiny neuron
2075,207,Medium spiny neuron
2076,208,Medium spiny neuron
2077,208,Medium spiny neuron
2078,208,Medium spiny neuron
2079,209,Medium spiny neuron
2080,209,Medium spiny neuron
2081,209,Medium spiny neuron
2082,209,Medium spiny neuron
2083,209,Medium spiny neuron
2084,210,Medium spiny neuron
2085,210,Medium spiny neuron
2086,210,Medium spiny neuron
2087,210,Medium spiny neuron
2088,209,Medium spiny neuron
2089,206,Medium spiny neuron
2090,221,Medium spiny neuron
2091,221,Medium spiny neuron
2092,221,Medium spiny neuron
2093,221,Medium spiny neuron
2094,221,Medium spiny neuron
2095,221,Medium spiny neuron
2096,221,Medium spiny neuron
2097,219,Medium spiny neuron
2098,219,Medium spiny neuron
2099,219,Medium spiny neuron
2100,219,Medium spiny neuron
2101,219,Medium spiny neuron
2102,220,Medium spiny neuron
2103,220,Medium spiny neuron
2104,220,Medium spiny neuron
2105,220,Medium spiny neuron
2106,220,Medium spiny neuron
2107,220,Medium spiny neuron
2108,218,Medium spiny neuron
2109,219,Medium spiny neuron
2110,219,Medium spiny neuron
2111,218,Medium spiny neuron
2112,218,Medium spiny neuron
2113,218,Medium spiny neuron
2114,218,Medium spiny neuron
2115,218,Medium spiny neuron
2116,218,Medium spiny neuron
2117,218,Medium spiny neuron
2118,218,Medium spiny neuron
2119,218,Medium spiny neuron
2120,218,Medium spiny neuron
2121,217,Medium spiny neuron
2122,217,Medium spiny neuron
2123,217,Medium spiny neuron
2124,217,Medium spiny neuron
2125,217,Medium spiny neuron
2126,217,Medium spiny neuron
2127,217,Medium spiny neuron
2128,217,Medium spiny neuron
2129,430,Medium spiny neuron
2130,217,Medium spiny neuron
2131,217,Medium spiny neuron
2132,217,Medium spiny neuron
2133,217,Medium spiny neuron
2134,217,Medium spiny neuron
2135,229,Eccentric medium spiny neuron
2136,229,Eccentric medium spiny neuron
2137,229,Eccentric medium spiny neuron
2138,229,Eccentric medium spiny neuron
2139,229,Eccentric medium spiny neuron
2140,229,Eccentric medium spiny neuron
2141,229,Eccentric medium spiny neuron
2142,229,Eccentric medium spiny neuron
2143,229,Eccentric medium spiny neuron
2144,231,Eccentric medium spiny neuron
2145,232,Eccentric medium spiny neuron
2146,232,Eccentric medium spiny neuron
2147,232,Eccentric medium spiny neuron
2148,232,Eccentric medium spiny neuron
2149,232,Eccentric medium spiny neuron
2150,232,Eccentric medium spiny neuron
2151,231,Eccentric medium spiny neuron
2152,230,Eccentric medium spiny neuron
2153,230,Eccentric medium spiny neuron
2154,230,Eccentric medium spiny neuron
2155,230,Eccentric medium spiny neuron
2156,233,Eccentric medium spiny neuron
2157,233,Eccentric medium spiny neuron
2158,233,Eccentric medium spiny neuron
2159,234,Eccentric medium spiny neuron
2160,228,Eccentric medium spiny neuron
2161,228,Eccentric medium spiny neuron
2162,228,Eccentric medium spiny neuron
2163,228,Eccentric medium spiny neuron
2164,228,Eccentric medium spiny neuron
2165,228,Eccentric medium spiny neuron
2166,234,Eccentric medium spiny neuron
2167,234,Eccentric medium spiny neuron
2168,234,Eccentric medium spiny neuron
2169,234,Eccentric medium spiny neuron
2170,234,Eccentric medium spiny neuron
2171,234,Eccentric medium spiny neuron
2172,234,Eccentric medium spiny neuron
2173,234,Eccentric medium spiny neuron
2174,233,Eccentric medium spiny neuron
2175,426,Eccentric medium spiny neuron
2176,430,Medium spiny neuron
2177,430,Medium spiny neuron
2178,430,Medium spiny neuron
2179,430,Medium spiny neuron
2180,430,Medium spiny neuron
2181,430,Medium spiny neuron
2182,430,Medium spiny neuron
2183,430,Medium spiny neuron
2184,430,Medium spiny neuron
2185,427,Medium spiny neuron
2186,427,Medium spiny neuron
2187,427,Medium spiny neuron
2188,402,Splatter
2189,402,Splatter
2190,402,Splatter
2191,402,Splatter
2192,402,Splatter
2193,402,Splatter
2194,402,Splatter
2195,402,Splatter
2196,203,Hippocampal dentate gyrus
2197,203,Hippocampal dentate gyrus
2198,203,Hippocampal dentate gyrus
2199,203,Hippocampal dentate gyrus
2200,203,Hippocampal dentate gyrus
2201,204,Hippocampal dentate gyrus
2202,204,Hippocampal dentate gyrus
2203,202,Hippocampal dentate gyrus
2204,202,Hippocampal dentate gyrus
2205,202,Hippocampal dentate gyrus
2206,200,Hippocampal dentate gyrus
2207,200,Hippocampal dentate gyrus
2208,201,Hippocampal dentate gyrus
2209,201,Hippocampal dentate gyrus
2210,201,Hippocampal dentate gyrus
2211,205,Hippocampal dentate gyrus
2212,205,Hippocampal dentate gyrus
2213,205,Hippocampal dentate gyrus
2214,200,Hippocampal dentate gyrus
2215,200,Hippocampal dentate gyrus
2216,199,Hippocampal dentate gyrus
2217,199,Hippocampal dentate gyrus
2218,199,Hippocampal dentate gyrus
2219,199,Hippocampal dentate gyrus
2220,199,Hippocampal dentate gyrus
2221,401,Miscellaneous
2222,401,Miscellaneous
2223,401,Miscellaneous
2224,198,Hippocampal CA4
2225,198,Hippocampal CA4
2226,198,Hippocampal CA4
2227,198,Hippocampal CA4
2228,191,Hippocampal CA4
2229,191,Hippocampal CA4
2230,193,Hippocampal CA4
2231,193,Hippocampal CA4
2232,195,Hippocampal CA4
2233,195,Hippocampal CA4
2234,194,Hippocampal CA4
2235,194,Hippocampal CA4
2236,193,Hippocampal CA4
2237,193,Hippocampal CA4
2238,194,Hippocampal CA4
2239,193,Hippocampal CA4
2240,197,Hippocampal CA4
2241,197,Hippocampal CA4
2242,197,Hippocampal CA4
2243,197,Hippocampal CA4
2244,196,Hippocampal CA4
2245,196,Hippocampal CA4
2246,196,Hippocampal CA4
2247,196,Hippocampal CA4
2248,196,Hippocampal CA4
2249,195,Hippocampal CA4
2250,196,Hippocampal CA4
2251,195,Hippocampal CA4
2252,197,Hippocampal CA4
2253,190,Hippocampal CA4
2254,190,Hippocampal CA4
2255,190,Hippocampal CA4
2256,191,Hippocampal CA4
2257,191,Hippocampal CA4
2258,191,Hippocampal CA4
2259,193,Hippocampal CA4
2260,192,Hippocampal CA4
2261,192,Hippocampal CA4
2262,192,Hippocampal CA4
2263,192,Hippocampal CA4
2264,188,Hippocampal CA1-3
2265,188,Hippocampal CA1-3
2266,188,Hippocampal CA1-3
2267,187,Hippocampal CA1-3
2268,187,Hippocampal CA1-3
2269,186,Hippocampal CA1-3
2270,186,Hippocampal CA1-3
2271,184,Hippocampal CA1-3
2272,184,Hippocampal CA1-3
2273,184,Hippocampal CA1-3
2274,184,Hippocampal CA1-3
2275,184,Hippocampal CA1-3
2276,184,Hippocampal CA1-3
2277,183,Hippocampal CA1-3
2278,183,Hippocampal CA1-3
2279,183,Hippocampal CA1-3
2280,183,Hippocampal CA1-3
2281,183,Hippocampal CA1-3
2282,183,Hippocampal CA1-3
2283,186,Hippocampal CA1-3
2284,187,Hippocampal CA1-3
2285,187,Hippocampal CA1-3
2286,187,Hippocampal CA1-3
2287,184,Hippocampal CA1-3
2288,184,Hippocampal CA1-3
2289,186,Hippocampal CA1-3
2290,186,Hippocampal CA1-3
2291,186,Hippocampal CA1-3
2292,186,Hippocampal CA1-3
2293,185,Hippocampal CA1-3
2294,188,Hippocampal CA1-3
2295,188,Hippocampal CA1-3
2296,181,Hippocampal CA1-3
2297,181,Hippocampal CA1-3
2298,181,Hippocampal CA1-3
2299,181,Hippocampal CA1-3
2300,182,Hippocampal CA1-3
2301,182,Hippocampal CA1-3
2302,182,Hippocampal CA1-3
2303,182,Hippocampal CA1-3
2304,180,Hippocampal CA1-3
2305,180,Hippocampal CA1-3
2306,180,Hippocampal CA1-3
2307,179,Hippocampal CA1-3
2308,180,Hippocampal CA1-3
2309,180,Hippocampal CA1-3
2310,180,Hippocampal CA1-3
2311,180,Hippocampal CA1-3
2312,179,Hippocampal CA1-3
2313,179,Hippocampal CA1-3
2314,179,Hippocampal CA1-3
2315,179,Hippocampal CA1-3
2316,179,Hippocampal CA1-3
2317,189,Hippocampal CA1-3
2318,189,Hippocampal CA1-3
2319,189,Hippocampal CA1-3
2320,189,Hippocampal CA1-3
2321,187,Hippocampal CA1-3
2322,119,Hippocampal CA1-3
2323,187,Hippocampal CA1-3
2324,119,Hippocampal CA1-3
2325,119,Hippocampal CA1-3
2326,168,Miscellaneous
2327,168,Miscellaneous
2328,168,Miscellaneous
2329,168,Miscellaneous
2330,168,Miscellaneous
2331,174,Amygdala excitatory
2332,175,Amygdala excitatory
2333,175,Amygdala excitatory
2334,175,Amygdala excitatory
2335,175,Amygdala excitatory
2336,175,Amygdala excitatory
2337,175,Amygdala excitatory
2338,173,Amygdala excitatory
2339,173,Amygdala excitatory
2340,173,Amygdala excitatory
2341,173,Amygdala excitatory
2342,172,Amygdala excitatory
2343,172,Amygdala excitatory
2344,175,Amygdala excitatory
2345,171,Amygdala excitatory
2346,171,Amygdala excitatory
2347,171,Amygdala excitatory
2348,171,Amygdala excitatory
2349,172,Amygdala excitatory
2350,172,Amygdala excitatory
2351,172,Amygdala excitatory
2352,172,Amygdala excitatory
2353,172,Amygdala excitatory
2354,166,Miscellaneous
2355,166,Miscellaneous
2356,166,Miscellaneous
2357,166,Miscellaneous
2358,166,Miscellaneous
2359,165,Miscellaneous
2360,165,Miscellaneous
2361,165,Miscellaneous
2362,165,Miscellaneous
2363,165,Miscellaneous
2364,165,Miscellaneous
2365,165,Miscellaneous
2366,164,Miscellaneous
2367,164,Miscellaneous
2368,160,Amygdala excitatory
2369,160,Amygdala excitatory
2370,159,Amygdala excitatory
2371,159,Amygdala excitatory
2372,159,Amygdala excitatory
2373,159,Amygdala excitatory
2374,158,Amygdala excitatory
2375,145,Deep-layer intratelencephalic
2376,145,Deep-layer intratelencephalic
2377,145,Deep-layer intratelencephalic
2378,145,Deep-layer intratelencephalic
2379,145,Deep-layer intratelencephalic
2380,145,Deep-layer intratelencephalic
2381,145,Deep-layer intratelencephalic
2382,145,Deep-layer intratelencephalic
2383,145,Deep-layer intratelencephalic
2384,145,Deep-layer intratelencephalic
2385,147,Deep-layer intratelencephalic
2386,160,Amygdala excitatory
2387,160,Amygdala excitatory
2388,160,Amygdala excitatory
2389,160,Amygdala excitatory
2390,160,Amygdala excitatory
2391,160,Amygdala excitatory
2392,160,Amygdala excitatory
2393,157,Amygdala excitatory
2394,157,Amygdala excitatory
2395,157,Amygdala excitatory
2396,157,Amygdala excitatory
2397,157,Amygdala excitatory
2398,157,Amygdala excitatory
2399,157,Amygdala excitatory
2400,157,Amygdala excitatory
2401,156,Amygdala excitatory
2402,156,Amygdala excitatory
2403,158,Amygdala excitatory
2404,158,Amygdala excitatory
2405,158,Amygdala excitatory
2406,158,Amygdala excitatory
2407,158,Amygdala excitatory
2408,161,Amygdala excitatory
2409,161,Amygdala excitatory
2410,161,Amygdala excitatory
2411,161,Amygdala excitatory
2412,161,Amygdala excitatory
2413,161,Amygdala excitatory
2414,161,Amygdala excitatory
2415,419,Amygdala excitatory
2416,162,Amygdala excitatory
2417,162,Amygdala excitatory
2418,158,Amygdala excitatory
2419,158,Amygdala excitatory
2420,159,Amygdala excitatory
2421,159,Amygdala excitatory
2422,159,Amygdala excitatory
2423,187,Hippocampal CA1-3
2424,187,Hippocampal CA1-3
2425,187,Hippocampal CA1-3
2426,163,Hippocampal CA1-3
2427,163,Hippocampal CA1-3
2428,163,Hippocampal CA1-3
2429,163,Hippocampal CA1-3
2430,163,Hippocampal CA1-3
2431,163,Hippocampal CA1-3
2432,174,Amygdala excitatory
2433,170,Miscellaneous
2434,170,Miscellaneous
2435,170,Miscellaneous
2436,170,Miscellaneous
2437,170,Miscellaneous
2438,170,Miscellaneous
2439,163,Hippocampal CA1-3
2440,163,Hippocampal CA1-3
2441,169,Hippocampal CA1-3
2442,169,Hippocampal CA1-3
2443,169,Hippocampal CA1-3
2444,169,Hippocampal CA1-3
2445,169,Hippocampal CA1-3
2446,169,Hippocampal CA1-3
2447,158,Amygdala excitatory
2448,174,Amygdala excitatory
2449,174,Amygdala excitatory
2450,174,Amygdala excitatory
2451,174,Amygdala excitatory
2452,174,Amygdala excitatory
2453,174,Amygdala excitatory
2454,174,Amygdala excitatory
2455,161,Amygdala excitatory
2456,161,Amygdala excitatory
2457,154,Amygdala excitatory
2458,154,Amygdala excitatory
2459,154,Amygdala excitatory
2460,154,Amygdala excitatory
2461,153,Amygdala excitatory
2462,153,Amygdala excitatory
2463,153,Amygdala excitatory
2464,153,Amygdala excitatory
2465,153,Amygdala excitatory
2466,153,Amygdala excitatory
2467,155,Amygdala excitatory
2468,155,Amygdala excitatory
2469,154,Amygdala excitatory
2470,154,Amygdala excitatory
2471,154,Amygdala excitatory
2472,154,Amygdala excitatory
2473,155,Amygdala excitatory
2474,155,Amygdala excitatory
2475,155,Amygdala excitatory
2476,155,Amygdala excitatory
2477,155,Amygdala excitatory
2478,155,Amygdala excitatory
2479,154,Amygdala excitatory
2480,147,Deep-layer intratelencephalic
2481,147,Deep-layer intratelencephalic
2482,149,Deep-layer intratelencephalic
2483,149,Deep-layer intratelencephalic
2484,148,Deep-layer intratelencephalic
2485,148,Deep-layer intratelencephalic
2486,148,Deep-layer intratelencephalic
2487,148,Deep-layer intratelencephalic
2488,148,Deep-layer intratelencephalic
2489,148,Deep-layer intratelencephalic
2490,148,Deep-layer intratelencephalic
2491,147,Deep-layer intratelencephalic
2492,147,Deep-layer intratelencephalic
2493,147,Deep-layer intratelencephalic
2494,147,Deep-layer intratelencephalic
2495,147,Deep-layer intratelencephalic
2496,147,Deep-layer intratelencephalic
2497,147,Deep-layer intratelencephalic
2498,148,Deep-layer intratelencephalic
2499,147,Deep-layer intratelencephalic
2500,147,Deep-layer intratelencephalic
2501,147,Deep-layer intratelencephalic
2502,147,Deep-layer intratelencephalic
2503,146,Deep-layer intratelencephalic
2504,146,Deep-layer intratelencephalic
2505,146,Deep-layer intratelencephalic
2506,146,Deep-layer intratelencephalic
2507,146,Deep-layer intratelencephalic
2508,146,Deep-layer intratelencephalic
2509,146,Deep-layer intratelencephalic
2510,146,Deep-layer intratelencephalic
2511,100,Deep-layer corticothalamic and 6b
2512,146,Deep-layer intratelencephalic
2513,405,Amygdala excitatory
2514,405,Amygdala excitatory
2515,203,Hippocampal dentate gyrus
2516,118,Miscellaneous
2517,118,Miscellaneous
2518,117,Miscellaneous
2519,117,Miscellaneous
2520,117,Miscellaneous
2521,117,Miscellaneous
2522,117,Miscellaneous
2523,117,Miscellaneous
2524,117,Miscellaneous
2525,117,Miscellaneous
2526,116,Miscellaneous
2527,116,Miscellaneous
2528,116,Miscellaneous
2529,116,Miscellaneous
2530,116,Miscellaneous
2531,116,Miscellaneous
2532,114,Miscellaneous
2533,114,Miscellaneous
2534,114,Miscellaneous
2535,114,Miscellaneous
2536,114,Miscellaneous
2537,114,Miscellaneous
2538,115,Hippocampal CA1-3
2539,115,Hippocampal CA1-3
2540,114,Miscellaneous
2541,115,Hippocampal CA1-3
2542,116,Miscellaneous
2543,119,Hippocampal CA1-3
2544,179,Hippocampal CA1-3
2545,113,Miscellaneous
2546,113,Miscellaneous
2547,113,Miscellaneous
2548,113,Miscellaneous
2549,186,Hippocampal CA1-3
2550,113,Miscellaneous
2551,123,Upper-layer intratelencephalic
2552,120,Upper-layer intratelencephalic
2553,123,Upper-layer intratelencephalic
2554,120,Upper-layer intratelencephalic
2555,120,Upper-layer intratelencephalic
2556,120,Upper-layer intratelencephalic
2557,131,Upper-layer intratelencephalic
2558,125,Upper-layer intratelencephalic
2559,123,Upper-layer intratelencephalic
2560,123,Upper-layer intratelencephalic
2561,123,Upper-layer intratelencephalic
2562,123,Upper-layer intratelencephalic
2563,123,Upper-layer intratelencephalic
2564,122,Upper-layer intratelencephalic
2565,122,Upper-layer intratelencephalic
2566,122,Upper-layer intratelencephalic
2567,130,Upper-layer intratelencephalic
2568,125,Upper-layer intratelencephalic
2569,125,Upper-layer intratelencephalic
2570,125,Upper-layer intratelencephalic
2571,130,Upper-layer intratelencephalic
2572,128,Upper-layer intratelencephalic
2573,128,Upper-layer intratelencephalic
2574,131,Upper-layer intratelencephalic
2575,131,Upper-layer intratelencephalic
2576,131,Upper-layer intratelencephalic
2577,131,Upper-layer intratelencephalic
2578,127,Upper-layer intratelencephalic
2579,127,Upper-layer intratelencephalic
2580,127,Upper-layer intratelencephalic
2581,127,Upper-layer intratelencephalic
2582,127,Upper-layer intratelencephalic
2583,127,Upper-layer intratelencephalic
2584,127,Upper-layer intratelencephalic
2585,127,Upper-layer intratelencephalic
2586,127,Upper-layer intratelencephalic
2587,127,Upper-layer intratelencephalic
2588,126,Upper-layer intratelencephalic
2589,126,Upper-layer intratelencephalic
2590,126,Upper-layer intratelencephalic
2591,126,Upper-layer intratelencephalic
2592,125,Upper-layer intratelencephalic
2593,131,Upper-layer intratelencephalic
2594,129,Upper-layer intratelencephalic
2595,129,Upper-layer intratelencephalic
2596,126,Upper-layer intratelencephalic
2597,126,Upper-layer intratelencephalic
2598,129,Upper-layer intratelencephalic
2599,126,Upper-layer intratelencephalic
2600,129,Upper-layer intratelencephalic
2601,129,Upper-layer intratelencephalic
2602,129,Upper-layer intratelencephalic
2603,129,Upper-layer intratelencephalic
2604,129,Upper-layer intratelencephalic
2605,129,Upper-layer intratelencephalic
2606,130,Upper-layer intratelencephalic
2607,130,Upper-layer intratelencephalic
2608,130,Upper-layer intratelencephalic
2609,129,Upper-layer intratelencephalic
2610,130,Upper-layer intratelencephalic
2611,130,Upper-layer intratelencephalic
2612,120,Upper-layer intratelencephalic
2613,125,Upper-layer intratelencephalic
2614,125,Upper-layer intratelencephalic
2615,131,Upper-layer intratelencephalic
2616,125,Upper-layer intratelencephalic
2617,125,Upper-layer intratelencephalic
2618,121,Upper-layer intratelencephalic
2619,121,Upper-layer intratelencephalic
2620,121,Upper-layer intratelencephalic
2621,121,Upper-layer intratelencephalic
2622,124,Upper-layer intratelencephalic
2623,124,Upper-layer intratelencephalic
2624,124,Upper-layer intratelencephalic
2625,124,Upper-layer intratelencephalic
2626,124,Upper-layer intratelencephalic
2627,124,Upper-layer intratelencephalic
2628,124,Upper-layer intratelencephalic
2629,121,Upper-layer intratelencephalic
2630,121,Upper-layer intratelencephalic
2631,121,Upper-layer intratelencephalic
2632,121,Upper-layer intratelencephalic
2633,120,Upper-layer intratelencephalic
2634,120,Upper-layer intratelencephalic
2635,120,Upper-layer intratelencephalic
2636,120,Upper-layer intratelencephalic
2637,120,Upper-layer intratelencephalic
2638,120,Upper-layer intratelencephalic
2639,150,Deep-layer intratelencephalic
2640,150,Deep-layer intratelencephalic
2641,150,Deep-layer intratelencephalic
2642,150,Deep-layer intratelencephalic
2643,150,Deep-layer intratelencephalic
2644,150,Deep-layer intratelencephalic
2645,150,Deep-layer intratelencephalic
2646,150,Deep-layer intratelencephalic
2647,150,Deep-layer intratelencephalic
2648,150,Deep-layer intratelencephalic
2649,151,Deep-layer intratelencephalic
2650,151,Deep-layer intratelencephalic
2651,151,Deep-layer intratelencephalic
2652,151,Deep-layer intratelencephalic
2653,146,Deep-layer intratelencephalic
2654,151,Deep-layer intratelencephalic
2655,151,Deep-layer intratelencephalic
2656,151,Deep-layer intratelencephalic
2657,151,Deep-layer intratelencephalic
2658,151,Deep-layer intratelencephalic
2659,151,Deep-layer intratelencephalic
2660,151,Deep-layer intratelencephalic
2661,152,Deep-layer intratelencephalic
2662,151,Deep-layer intratelencephalic
2663,152,Deep-layer intratelencephalic
2664,152,Deep-layer intratelencephalic
2665,152,Deep-layer intratelencephalic
2666,152,Deep-layer intratelencephalic
2667,152,Deep-layer intratelencephalic
2668,152,Deep-layer intratelencephalic
2669,133,Upper-layer intratelencephalic
2670,133,Upper-layer intratelencephalic
2671,133,Upper-layer intratelencephalic
2672,133,Upper-layer intratelencephalic
2673,133,Upper-layer intratelencephalic
2674,133,Upper-layer intratelencephalic
2675,133,Upper-layer intratelencephalic
2676,133,Upper-layer intratelencephalic
2677,135,Upper-layer intratelencephalic
2678,134,Upper-layer intratelencephalic
2679,134,Upper-layer intratelencephalic
2680,134,Upper-layer intratelencephalic
2681,134,Upper-layer intratelencephalic
2682,134,Upper-layer intratelencephalic
2683,128,Upper-layer intratelencephalic
2684,128,Upper-layer intratelencephalic
2685,134,Upper-layer intratelencephalic
2686,134,Upper-layer intratelencephalic
2687,134,Upper-layer intratelencephalic
2688,134,Upper-layer intratelencephalic
2689,129,Upper-layer intratelencephalic
2690,135,Upper-layer intratelencephalic
2691,128,Upper-layer intratelencephalic
2692,133,Upper-layer intratelencephalic
2693,128,Upper-layer intratelencephalic
2694,128,Upper-layer intratelencephalic
2695,128,Upper-layer intratelencephalic
2696,130,Upper-layer intratelencephalic
2697,131,Upper-layer intratelencephalic
2698,372,Thalamic excitatory
2699,148,Deep-layer intratelencephalic
2700,147,Deep-layer intratelencephalic
2701,404,Miscellaneous
2702,135,Upper-layer intratelencephalic
2703,141,Deep-layer intratelencephalic
2704,142,Deep-layer intratelencephalic
2705,142,Deep-layer intratelencephalic
2706,142,Deep-layer intratelencephalic
2707,143,Deep-layer intratelencephalic
2708,143,Deep-layer intratelencephalic
2709,142,Deep-layer intratelencephalic
2710,142,Deep-layer intratelencephalic
2711,142,Deep-layer intratelencephalic
2712,142,Deep-layer intratelencephalic
2713,142,Deep-layer intratelencephalic
2714,142,Deep-layer intratelencephalic
2715,142,Deep-layer intratelencephalic
2716,144,Deep-layer intratelencephalic
2717,144,Deep-layer intratelencephalic
2718,144,Deep-layer intratelencephalic
2719,144,Deep-layer intratelencephalic
2720,143,Deep-layer intratelencephalic
2721,143,Deep-layer intratelencephalic
2722,143,Deep-layer intratelencephalic
2723,143,Deep-layer intratelencephalic
2724,143,Deep-layer intratelencephalic
2725,143,Deep-layer intratelencephalic
2726,143,Deep-layer intratelencephalic
2727,143,Deep-layer intratelencephalic
2728,135,Upper-layer intratelencephalic
2729,135,Upper-layer intratelencephalic
2730,135,Upper-layer intratelencephalic
2731,135,Upper-layer intratelencephalic
2732,135,Upper-layer intratelencephalic
2733,135,Upper-layer intratelencephalic
2734,135,Upper-layer intratelencephalic
2735,152,Deep-layer intratelencephalic
2736,149,Deep-layer intratelencephalic
2737,149,Deep-layer intratelencephalic
2738,149,Deep-layer intratelencephalic
2739,142,Deep-layer intratelencephalic
2740,142,Deep-layer intratelencephalic
2741,135,Upper-layer intratelencephalic
2742,135,Upper-layer intratelencephalic
2743,136,Deep-layer intratelencephalic
2744,136,Deep-layer intratelencephalic
2745,136,Deep-layer intratelencephalic
2746,137,Deep-layer intratelencephalic
2747,137,Deep-layer intratelencephalic
2748,137,Deep-layer intratelencephalic
2749,137,Deep-layer intratelencephalic
2750,137,Deep-layer intratelencephalic
2751,137,Deep-layer intratelencephalic
2752,137,Deep-layer intratelencephalic
2753,137,Deep-layer intratelencephalic
2754,141,Deep-layer intratelencephalic
2755,141,Deep-layer intratelencephalic
2756,141,Deep-layer intratelencephalic
2757,141,Deep-layer intratelencephalic
2758,141,Deep-layer intratelencephalic
2759,141,Deep-layer intratelencephalic
2760,141,Deep-layer intratelencephalic
2761,140,Deep-layer intratelencephalic
2762,140,Deep-layer intratelencephalic
2763,140,Deep-layer intratelencephalic
2764,140,Deep-layer intratelencephalic
2765,140,Deep-layer intratelencephalic
2766,140,Deep-layer intratelencephalic
2767,140,Deep-layer intratelencephalic
2768,140,Deep-layer intratelencephalic
2769,139,Deep-layer intratelencephalic
2770,139,Deep-layer intratelencephalic
2771,139,Deep-layer intratelencephalic
2772,139,Deep-layer intratelencephalic
2773,139,Deep-layer intratelencephalic
2774,139,Deep-layer intratelencephalic
2775,138,Upper-layer intratelencephalic
2776,138,Upper-layer intratelencephalic
2777,138,Upper-layer intratelencephalic
2778,138,Upper-layer intratelencephalic
2779,138,Upper-layer intratelencephalic
2780,130,Upper-layer intratelencephalic
2781,133,Upper-layer intratelencephalic
2782,130,Upper-layer intratelencephalic
2783,133,Upper-layer intratelencephalic
2784,133,Upper-layer intratelencephalic
2785,133,Upper-layer intratelencephalic
2786,133,Upper-layer intratelencephalic
2787,132,Miscellaneous
2788,132,Miscellaneous
2789,167,Miscellaneous
2790,167,Miscellaneous
2791,167,Miscellaneous
2792,167,Miscellaneous
2793,167,Miscellaneous
2794,167,Miscellaneous
2795,167,Miscellaneous
2796,178,Miscellaneous
2797,178,Miscellaneous
2798,177,Miscellaneous
2799,177,Miscellaneous
2800,177,Miscellaneous
2801,177,Miscellaneous
2802,177,Miscellaneous
2803,177,Miscellaneous
2804,177,Miscellaneous
2805,176,Miscellaneous
2806,176,Miscellaneous
2807,176,Miscellaneous
2808,176,Miscellaneous
2809,108,Deep-layer corticothalamic and 6b
2810,106,Deep-layer corticothalamic and 6b
2811,105,Deep-layer corticothalamic and 6b
2812,105,Deep-layer corticothalamic and 6b
2813,105,Deep-layer corticothalamic and 6b
2814,105,Deep-layer corticothalamic and 6b
2815,105,Deep-layer corticothalamic and 6b
2816,99,Deep-layer corticothalamic and 6b
2817,99,Deep-layer corticothalamic and 6b
2818,99,Deep-layer corticothalamic and 6b
2819,106,Deep-layer corticothalamic and 6b
2820,106,Deep-layer corticothalamic and 6b
2821,106,Deep-layer corticothalamic and 6b
2822,106,Deep-layer corticothalamic and 6b
2823,98,Deep-layer corticothalamic and 6b
2824,98,Deep-layer corticothalamic and 6b
2825,98,Deep-layer corticothalamic and 6b
2826,98,Deep-layer corticothalamic and 6b
2827,98,Deep-layer corticothalamic and 6b
2828,98,Deep-layer corticothalamic and 6b
2829,98,Deep-layer corticothalamic and 6b
2830,98,Deep-layer corticothalamic and 6b
2831,98,Deep-layer corticothalamic and 6b
2832,105,Deep-layer corticothalamic and 6b
2833,102,Deep-layer corticothalamic and 6b
2834,103,Deep-layer corticothalamic and 6b
2835,103,Deep-layer corticothalamic and 6b
2836,103,Deep-layer corticothalamic and 6b
2837,103,Deep-layer corticothalamic and 6b
2838,103,Deep-layer corticothalamic and 6b
2839,102,Deep-layer corticothalamic and 6b
2840,102,Deep-layer corticothalamic and 6b
2841,102,Deep-layer corticothalamic and 6b
2842,102,Deep-layer corticothalamic and 6b
2843,102,Deep-layer corticothalamic and 6b
2844,102,Deep-layer corticothalamic and 6b
2845,102,Deep-layer corticothalamic and 6b
2846,101,Deep-layer corticothalamic and 6b
2847,101,Deep-layer corticothalamic and 6b
2848,101,Deep-layer corticothalamic and 6b
2849,104,Deep-layer corticothalamic and 6b
2850,104,Deep-layer corticothalamic and 6b
2851,104,Deep-layer corticothalamic and 6b
2852,104,Deep-layer corticothalamic and 6b
2853,104,Deep-layer corticothalamic and 6b
2854,104,Deep-layer corticothalamic and 6b
2855,104,Deep-layer corticothalamic and 6b
2856,100,Deep-layer corticothalamic and 6b
2857,100,Deep-layer corticothalamic and 6b
2858,100,Deep-layer corticothalamic and 6b
2859,100,Deep-layer corticothalamic and 6b
2860,99,Deep-layer corticothalamic and 6b
2861,99,Deep-layer corticothalamic and 6b
2862,99,Deep-layer corticothalamic and 6b
2863,99,Deep-layer corticothalamic and 6b
2864,99,Deep-layer corticothalamic and 6b
2865,99,Deep-layer corticothalamic and 6b
2866,108,Deep-layer corticothalamic and 6b
2867,108,Deep-layer corticothalamic and 6b
2868,109,Deep-layer corticothalamic and 6b
2869,109,Deep-layer corticothalamic and 6b
2870,109,Deep-layer corticothalamic and 6b
2871,109,Deep-layer corticothalamic and 6b
2872,108,Deep-layer corticothalamic and 6b
2873,109,Deep-layer corticothalamic and 6b
2874,109,Deep-layer corticothalamic and 6b
2875,108,Deep-layer corticothalamic and 6b
2876,108,Deep-layer corticothalamic and 6b
2877,108,Deep-layer corticothalamic and 6b
2878,108,Deep-layer corticothalamic and 6b
2879,107,Deep-layer corticothalamic and 6b
2880,107,Deep-layer corticothalamic and 6b
2881,107,Deep-layer corticothalamic and 6b
2882,107,Deep-layer corticothalamic and 6b
2883,107,Deep-layer corticothalamic and 6b
2884,107,Deep-layer corticothalamic and 6b
2885,108,Deep-layer corticothalamic and 6b
2886,100,Deep-layer corticothalamic and 6b
2887,100,Deep-layer corticothalamic and 6b
2888,100,Deep-layer corticothalamic and 6b
2889,100,Deep-layer corticothalamic and 6b
2890,100,Deep-layer corticothalamic and 6b
2891,100,Deep-layer corticothalamic and 6b
2892,108,Deep-layer corticothalamic and 6b
2893,109,Deep-layer corticothalamic and 6b
2894,109,Deep-layer corticothalamic and 6b
2895,109,Deep-layer corticothalamic and 6b
2896,110,Deep-layer corticothalamic and 6b
2897,110,Deep-layer corticothalamic and 6b
2898,110,Deep-layer corticothalamic and 6b
2899,110,Deep-layer corticothalamic and 6b
2900,110,Deep-layer corticothalamic and 6b
2901,110,Deep-layer corticothalamic and 6b
2902,110,Deep-layer corticothalamic and 6b
2903,110,Deep-layer corticothalamic and 6b
2904,110,Deep-layer corticothalamic and 6b
2905,112,Deep-layer corticothalamic and 6b
2906,112,Deep-layer corticothalamic and 6b
2907,112,Deep-layer corticothalamic and 6b
2908,111,Deep-layer corticothalamic and 6b
2909,111,Deep-layer corticothalamic and 6b
2910,111,Deep-layer corticothalamic and 6b
2911,111,Deep-layer corticothalamic and 6b
2912,111,Deep-layer corticothalamic and 6b
2913,111,Deep-layer corticothalamic and 6b
2914,84,Deep-layer corticothalamic and 6b
2915,84,Deep-layer corticothalamic and 6b
2916,84,Deep-layer corticothalamic and 6b
2917,84,Deep-layer corticothalamic and 6b
2918,84,Deep-layer corticothalamic and 6b
2919,84,Deep-layer corticothalamic and 6b
2920,84,Deep-layer corticothalamic and 6b
2921,111,Deep-layer corticothalamic and 6b
2922,97,Deep-layer corticothalamic and 6b
2923,97,Deep-layer corticothalamic and 6b
2924,83,Deep-layer near-projecting
2925,83,Deep-layer near-projecting
2926,83,Deep-layer near-projecting
2927,85,Deep-layer near-projecting
2928,85,Deep-layer near-projecting
2929,85,Deep-layer near-projecting
2930,85,Deep-layer near-projecting
2931,85,Deep-layer near-projecting
2932,96,Deep-layer near-projecting
2933,96,Deep-layer near-projecting
2934,96,Deep-layer near-projecting
2935,93,Deep-layer near-projecting
2936,89,Deep-layer near-projecting
2937,89,Deep-layer near-projecting
2938,88,Deep-layer near-projecting
2939,88,Deep-layer near-projecting
2940,88,Deep-layer near-projecting
2941,89,Deep-layer near-projecting
2942,89,Deep-layer near-projecting
2943,87,Deep-layer near-projecting
2944,87,Deep-layer near-projecting
2945,90,Deep-layer near-projecting
2946,90,Deep-layer near-projecting
2947,93,Deep-layer near-projecting
2948,91,Deep-layer near-projecting
2949,90,Deep-layer near-projecting
2950,90,Deep-layer near-projecting
2951,90,Deep-layer near-projecting
2952,94,Deep-layer near-projecting
2953,94,Deep-layer near-projecting
2954,94,Deep-layer near-projecting
2955,94,Deep-layer near-projecting
2956,93,Deep-layer near-projecting
2957,94,Deep-layer near-projecting
2958,94,Deep-layer near-projecting
2959,94,Deep-layer near-projecting
2960,94,Deep-layer near-projecting
2961,91,Deep-layer near-projecting
2962,91,Deep-layer near-projecting
2963,91,Deep-layer near-projecting
2964,83,Deep-layer near-projecting
2965,96,Deep-layer near-projecting
2966,96,Deep-layer near-projecting
2967,95,Deep-layer near-projecting
2968,95,Deep-layer near-projecting
2969,95,Deep-layer near-projecting
2970,95,Deep-layer near-projecting
2971,95,Deep-layer near-projecting
2972,93,Deep-layer near-projecting
2973,93,Deep-layer near-projecting
2974,92,Deep-layer near-projecting
2975,91,Deep-layer near-projecting
2976,92,Deep-layer near-projecting
2977,92,Deep-layer near-projecting
2978,92,Deep-layer near-projecting
2979,92,Deep-layer near-projecting
2980,86,Deep-layer near-projecting
2981,87,Deep-layer near-projecting
2982,88,Deep-layer near-projecting
2983,88,Deep-layer near-projecting
2984,87,Deep-layer near-projecting
2985,87,Deep-layer near-projecting
2986,88,Deep-layer near-projecting
2987,88,Deep-layer near-projecting
2988,86,Deep-layer near-projecting
2989,86,Deep-layer near-projecting
2990,86,Deep-layer near-projecting
2991,86,Deep-layer near-projecting
2992,86,Deep-layer near-projecting
2993,86,Deep-layer near-projecting
2994,89,Deep-layer near-projecting
2995,89,Deep-layer near-projecting
2996,50,Oligodendrocyte
2997,50,Oligodendrocyte
2998,50,Oligodendrocyte
2999,49,Oligodendrocyte
3000,49,Oligodendrocyte
3001,49,Oligodendrocyte
3002,44,Oligodendrocyte
3003,44,Oligodendrocyte
3004,44,Oligodendrocyte
3005,44,Oligodendrocyte
3006,43,Committed oligodendrocyte precursor
3007,42,Committed oligodendrocyte precursor
3008,42,Committed oligodendrocyte precursor
3009,42,Committed oligodendrocyte precursor
3010,42,Committed oligodendrocyte precursor
3011,40,Oligodendrocyte
3012,40,Oligodendrocyte
3013,40,Oligodendrocyte
3014,41,Committed oligodendrocyte precursor
3015,41,Committed oligodendrocyte precursor
3016,48,Oligodendrocyte
3017,48,Oligodendrocyte
3018,48,Oligodendrocyte
3019,48,Oligodendrocyte
3020,45,Oligodendrocyte
3021,45,Oligodendrocyte
3022,45,Oligodendrocyte
3023,47,Oligodendrocyte
3024,46,Oligodendrocyte
3025,46,Oligodendrocyte
3026,47,Oligodendrocyte
3027,39,Committed oligodendrocyte precursor
3028,39,Committed oligodendrocyte precursor
3029,39,Committed oligodendrocyte precursor
3030,38,Committed oligodendrocyte precursor
3031,38,Committed oligodendrocyte precursor
3032,38,Committed oligodendrocyte precursor
3033,37,Committed oligodendrocyte precursor
3034,38,Committed oligodendrocyte precursor
3035,37,Committed oligodendrocyte precursor
3036,37,Committed oligodendrocyte precursor
3037,37,Committed oligodendrocyte precursor
3038,37,Committed oligodendrocyte precursor
3039,34,Oligodendrocyte precursor
3040,34,Oligodendrocyte precursor
3041,35,Oligodendrocyte precursor
3042,35,Oligodendrocyte precursor
3043,34,Oligodendrocyte precursor
3044,33,Oligodendrocyte precursor
3045,33,Oligodendrocyte precursor
3046,33,Oligodendrocyte precursor
3047,32,Oligodendrocyte precursor
3048,32,Oligodendrocyte precursor
3049,32,Oligodendrocyte precursor
3050,32,Oligodendrocyte precursor
3051,32,Oligodendrocyte precursor
3052,36,Oligodendrocyte precursor
3053,36,Oligodendrocyte precursor
3054,36,Oligodendrocyte precursor
3055,36,Oligodendrocyte precursor
3056,36,Oligodendrocyte precursor
3057,36,Oligodendrocyte precursor
3058,51,Bergmann glia
3059,59,Astrocyte
3060,59,Astrocyte
3061,59,Astrocyte
3062,59,Astrocyte
3063,59,Astrocyte
3064,59,Astrocyte
3065,62,Astrocyte
3066,60,Astrocyte
3067,60,Astrocyte
3068,60,Astrocyte
3069,60,Astrocyte
3070,60,Astrocyte
3071,60,Astrocyte
3072,60,Astrocyte
3073,56,Astrocyte
3074,56,Astrocyte
3075,55,Astrocyte
3076,56,Astrocyte
3077,56,Astrocyte
3078,56,Astrocyte
3079,56,Astrocyte
3080,54,Astrocyte
3081,55,Astrocyte
3082,55,Astrocyte
3083,55,Astrocyte
3084,55,Astrocyte
3085,52,Astrocyte
3086,52,Astrocyte
3087,54,Astrocyte
3088,53,Astrocyte
3089,53,Astrocyte
3090,53,Astrocyte
3091,53,Astrocyte
3092,55,Astrocyte
3093,58,Astrocyte
3094,58,Astrocyte
3095,58,Astrocyte
3096,57,Astrocyte
3097,54,Astrocyte
3098,57,Astrocyte
3099,57,Astrocyte
3100,57,Astrocyte
3101,57,Astrocyte
3102,57,Astrocyte
3103,57,Astrocyte
3104,61,Astrocyte
3105,61,Astrocyte
3106,61,Astrocyte
3107,58,Astrocyte
3108,58,Astrocyte
3109,58,Astrocyte
3110,56,Astrocyte
3111,58,Astrocyte
3112,62,Astrocyte
3113,64,Astrocyte
3114,64,Astrocyte
3115,64,Astrocyte
3116,61,Astrocyte
3117,61,Astrocyte
3118,63,Astrocyte
3119,63,Astrocyte
3120,63,Astrocyte
3121,63,Astrocyte
3122,62,Astrocyte
3123,62,Astrocyte
3124,62,Astrocyte
3125,62,Astrocyte
3126,63,Astrocyte
3127,63,Astrocyte
3128,63,Astrocyte
3129,65,Ependymal
3130,65,Ependymal
3131,63,Astrocyte
3132,66,Ependymal
3133,74,Ependymal
3134,74,Ependymal
3135,74,Ependymal
3136,74,Ependymal
3137,74,Ependymal
3138,71,Ependymal
3139,72,Ependymal
3140,74,Ependymal
3141,67,Ependymal
3142,67,Ependymal
3143,67,Ependymal
3144,67,Ependymal
3145,68,Ependymal
3146,68,Ependymal
3147,68,Ependymal
3148,71,Ependymal
3149,71,Ependymal
3150,69,Ependymal
3151,70,Ependymal
3152,70,Ependymal
3153,70,Ependymal
3154,70,Ependymal
3155,69,Ependymal
3156,72,Ependymal
3157,72,Ependymal
3158,73,Ependymal
3159,73,Ependymal
3160,73,Ependymal
3161,73,Ependymal
3162,73,Ependymal
3163,73,Ependymal
3164,69,Ependymal
3165,69,Ependymal
3166,69,Ependymal
3167,69,Ependymal
3168,68,Ependymal
3169,66,Ependymal
3170,66,Ependymal
3171,66,Ependymal
3172,68,Ependymal
3173,82,Choroid plexus
3174,77,Choroid plexus
3175,82,Choroid plexus
3176,81,Choroid plexus
3177,81,Choroid plexus
3178,77,Choroid plexus
3179,77,Choroid plexus
3180,76,Choroid plexus
3181,81,Choroid plexus
3182,78,Choroid plexus
3183,78,Choroid plexus
3184,78,Choroid plexus
3185,78,Choroid plexus
3186,78,Choroid plexus
3187,80,Choroid plexus
3188,77,Choroid plexus
3189,79,Choroid plexus
3190,79,Choroid plexus
3191,78,Choroid plexus
3192,82,Choroid plexus
3193,76,Choroid plexus
3194,76,Choroid plexus
3195,75,Committed oligodendrocyte precursor
3196,75,Committed oligodendrocyte precursor
3197,13,Vascular
3198,14,Vascular
3199,14,Vascular
3200,14,Vascular
3201,14,Vascular
3202,14,Vascular
3203,14,Vascular
3204,15,Vascular
3205,15,Vascular
3206,15,Vascular
3207,15,Vascular
3208,15,Vascular
3209,16,Vascular
3210,16,Vascular
3211,16,Vascular
3212,16,Vascular
3213,16,Vascular
3214,17,Vascular
3215,17,Vascular
3216,14,Vascular
3217,19,Vascular
3218,18,Vascular
3219,18,Vascular
3220,18,Vascular
3221,18,Vascular
3222,18,Vascular
3223,20,Vascular
3224,20,Vascular
3225,20,Vascular
3226,20,Vascular
3227,20,Vascular
3228,19,Vascular
3229,21,Vascular
3230,21,Vascular
3231,21,Vascular
3232,21,Vascular
3233,21,Vascular
3234,22,Vascular
3235,22,Vascular
3236,23,Vascular
3237,23,Vascular
3238,30,Fibroblast
3239,30,Fibroblast
3240,25,Fibroblast
3241,26,Fibroblast
3242,26,Fibroblast
3243,26,Fibroblast
3244,28,Fibroblast
3245,28,Fibroblast
3246,26,Fibroblast
3247,27,Fibroblast
3248,27,Fibroblast
3249,25,Fibroblast
3250,25,Fibroblast
3251,25,Fibroblast
3252,28,Fibroblast
3253,28,Fibroblast
3254,28,Fibroblast
3255,24,Fibroblast
3256,29,Fibroblast
3257,24,Fibroblast
3258,31,Fibroblast
3259,31,Fibroblast
3260,31,Fibroblast
3261,31,Fibroblast
3262,30,Fibroblast
3263,12,Microglia
3264,12,Microglia
3265,12,Microglia
3266,12,Microglia
3267,4,Microglia
3268,4,Microglia
3269,4,Microglia
3270,6,Microglia
3271,6,Microglia
3272,6,Microglia
3273,6,Microglia
3274,6,Microglia
3275,6,Microglia
3276,7,Microglia
3277,7,Microglia
3278,8,Microglia
3279,9,Microglia
3280,7,Microglia
3281,10,Microglia
3282,8,Microglia
3283,8,Microglia
3284,8,Microglia
3285,11,Microglia
3286,11,Microglia
3287,11,Microglia
3288,11,Microglia
3289,9,Microglia
3290,11,Microglia
3291,5,Microglia
3292,5,Microglia
3293,0,Miscellaneous
3294,3,Miscellaneous
3295,3,Miscellaneous
3296,3,Miscellaneous
3297,3,Miscellaneous
3298,1,Miscellaneous
3299,1,Miscellaneous
3300,1,Miscellaneous
3301,1,Miscellaneous
3302,1,Miscellaneous
3303,1,Miscellaneous
3304,1,Miscellaneous
3305,1,Miscellaneous
3306,1,Miscellaneous
3307,2,Miscellaneous
3308,2,Miscellaneous
3309,2,Miscellaneous
3310,2,Miscellaneous
3311,2,Miscellaneous
3312,2,Miscellaneous
